SymbolIndex,SampleIndexAfterDelayRemoval,SampleTime_s,SampledVoltage_V,InstantFastCode_dec,InstantFastVout_V,VectorFastCode_dec,VectorFastVout_V
0,71,9.76554687500004e-12,-0.00549446864165499,62,-0.00937500000000002,62,-0.00937500000000002
1,199,2.76225468750001e-11,-0.236348559450084,13,-0.2390625,13,-0.2390625
2,327,4.54795468750001e-11,-0.21115604742369,18,-0.215625,18,-0.215625
3,455,6.33365468749998e-11,0.23466930240295,114,0.234375,114,0.234375
4,583,8.11935468749998e-11,0.0660601677230316,78,0.065625,78,0.065625
5,711,9.90505468749999e-11,0.0768521990312909,80,0.075,80,0.075
6,839,1.16907546875e-10,-0.231764841807617,14,-0.234375,14,-0.234375
7,967,1.34764546875e-10,-0.219689401514343,17,-0.2203125,17,-0.2203125
8,1095,1.52621546875e-10,-0.0858148183945832,45,-0.0890625,45,-0.0890625
9,1223,1.70478546875e-10,-0.0816782564104392,46,-0.084375,46,-0.084375
10,1351,1.88335546875e-10,0.0788447811790183,80,0.075,80,0.075
11,1479,2.06192546875e-10,-0.0708267234468902,48,-0.075,48,-0.075
12,1607,2.24049546875e-10,0.240746439939414,115,0.2390625,115,0.2390625
13,1735,2.41906546875e-10,0.0665069032438399,78,0.065625,78,0.065625
14,1863,2.59763546875e-10,-0.0743946201713232,48,-0.075,48,-0.075
15,1991,2.77620546875e-10,0.0763977471166356,80,0.075,80,0.075
16,2119,2.95477546875e-10,0.0660977721556549,78,0.065625,78,0.065625
17,2247,3.13334546875e-10,-0.0828641380004704,46,-0.084375,46,-0.084375
18,2375,3.31191546875e-10,-0.0751388524933961,47,-0.0796875,47,-0.0796875
19,2503,3.49048546875e-10,0.223728680998647,111,0.2203125,111,0.2203125
20,2631,3.66905546875e-10,-0.237724484863945,13,-0.2390625,13,-0.2390625
21,2759,3.84762546875e-10,-0.066282191209292,49,-0.0703125,49,-0.0703125
22,2887,4.02619546875e-10,0.230997053963992,113,0.2296875,113,0.2296875
23,3015,4.20476546875e-10,0.0571564340094612,76,0.05625,76,0.05625
24,3143,4.38333546875e-10,-0.22039326322664,16,-0.225,16,-0.225
25,3271,4.56190546875e-10,0.248245029677549,116,0.24375,116,0.24375
26,3399,4.74047546875e-10,0.222732867414663,111,0.2203125,111,0.2203125
27,3527,4.91904546875e-10,0.216018198186052,110,0.215625,110,0.215625
28,3655,5.09761546875e-10,0.076334648567656,80,0.075,80,0.075
29,3783,5.27618546875e-10,-0.0789851765604793,47,-0.0796875,47,-0.0796875
30,3911,5.45475546875e-10,0.0878052298610326,82,0.084375,82,0.084375
31,4039,5.63332546875e-10,0.216431434607678,110,0.215625,110,0.215625
32,4167,5.81189546875e-10,0.231717384777151,113,0.2296875,113,0.2296875
33,4295,5.99046546875e-10,0.227257261901751,112,0.225,112,0.225
34,4423,6.16903546875e-10,-0.0748106135757788,48,-0.075,48,-0.075
35,4551,6.34760546875e-10,0.237527303496797,114,0.234375,114,0.234375
36,4679,6.52617546875e-10,-0.253459075478308,9,-0.2578125,9,-0.2578125
37,4807,6.70474546875e-10,-0.0594351495239666,51,-0.0609375,51,-0.0609375
38,4935,6.88331546875e-10,0.068923900729273,78,0.065625,78,0.065625
39,5063,7.06188546875e-10,-0.227783651427517,15,-0.2296875,15,-0.2296875
40,5191,7.24045546875e-10,0.0916516289574093,83,0.0890625,83,0.0890625
41,5319,7.41902546875e-10,-0.082099810146135,46,-0.084375,46,-0.084375
42,5447,7.59759546875e-10,-0.210890208152752,19,-0.2109375,19,-0.2109375
43,5575,7.77616546875e-10,0.0704880392613383,79,0.0703125,79,0.0703125
44,5703,7.95473546875e-10,-0.22332879231832,16,-0.225,16,-0.225
45,5831,8.13330546875e-10,-0.0591066924747199,51,-0.0609375,51,-0.0609375
46,5959,8.31187546875e-10,0.0769092809309734,80,0.075,80,0.075
47,6087,8.49044546875e-10,0.0765215872294181,80,0.075,80,0.075
48,6215,8.66901546875e-10,-0.0807947863596841,46,-0.084375,46,-0.084375
49,6343,8.84758546875e-10,-0.220610907853054,16,-0.225,16,-0.225
50,6471,9.02615546875e-10,-0.0662065562263049,49,-0.0703125,49,-0.0703125
51,6599,9.20472546875e-10,0.0688705980881223,78,0.065625,78,0.065625
52,6727,9.38329546875e-10,0.21819624674573,110,0.215625,110,0.215625
53,6855,9.56186546875e-10,-0.227239391355769,15,-0.2296875,15,-0.2296875
54,6983,9.74043546875e-10,0.248886547282763,117,0.2484375,117,0.2484375
55,7111,9.91900546875e-10,0.0767204065486371,80,0.075,80,0.075
56,7239,1.009757546875e-09,0.226559732479355,112,0.225,112,0.225
57,7367,1.027614546875e-09,0.219177429700384,110,0.215625,110,0.215625
58,7495,1.045471546875e-09,0.0731280766110426,79,0.0703125,79,0.0703125
59,7623,1.063328546875e-09,-0.235566260414067,13,-0.2390625,13,-0.2390625
60,7751,1.081185546875e-09,0.0891675923056444,83,0.0890625,83,0.0890625
61,7879,1.099042546875e-09,0.0644505586208514,77,0.0609375,77,0.0609375
62,8007,1.116899546875e-09,0.0636224128756205,77,0.0609375,77,0.0609375
63,8135,1.134756546875e-09,-0.21589757556173,17,-0.2203125,17,-0.2203125
64,8263,1.152613546875e-09,0.0741809453222088,79,0.0703125,79,0.0703125
65,8391,1.170470546875e-09,-0.229768135377374,14,-0.234375,14,-0.234375
66,8519,1.188327546875e-09,-0.0655089152346258,50,-0.065625,50,-0.065625
67,8647,1.206184546875e-09,-0.0765888634294222,47,-0.0796875,47,-0.0796875
68,8775,1.224041546875e-09,0.235528297636232,114,0.234375,114,0.234375
69,8903,1.241898546875e-09,-0.230806851348559,14,-0.234375,14,-0.234375
70,9031,1.259755546875e-09,0.0879590999125158,82,0.084375,82,0.084375
71,9159,1.277612546875e-09,-0.231912468582777,14,-0.234375,14,-0.234375
72,9287,1.295469546875e-09,0.0812402272914728,81,0.0796875,81,0.0796875
73,9415,1.313326546875e-09,-0.252342818782247,10,-0.253125,10,-0.253125
74,9543,1.331183546875e-09,-0.203452749252604,20,-0.20625,20,-0.20625
75,9671,1.349040546875e-09,0.226615217738261,112,0.225,112,0.225
76,9799,1.366897546875e-09,-0.0875749763205109,45,-0.0890625,45,-0.0890625
77,9927,1.384754546875e-09,0.0963718679165476,84,0.09375,84,0.09375
78,10055,1.402611546875e-09,-0.0839254416936055,46,-0.084375,46,-0.084375
79,10183,1.420468546875e-09,-0.0756775092325581,47,-0.0796875,47,-0.0796875
80,10311,1.438325546875e-09,-0.24810319152894,11,-0.2484375,11,-0.2484375
81,10439,1.456182546875e-09,-0.236511897412495,13,-0.2390625,13,-0.2390625
82,10567,1.474039546875e-09,-0.226699931649745,15,-0.2296875,15,-0.2296875
83,10695,1.491896546875e-09,0.0971563981411889,84,0.09375,84,0.09375
84,10823,1.509753546875e-09,0.213183513496691,109,0.2109375,109,0.2109375
85,10951,1.527610546875e-09,-0.0701826413863735,49,-0.0703125,49,-0.0703125
86,11079,1.545467546875e-09,-0.0817201002838553,46,-0.084375,46,-0.084375
87,11207,1.563324546875e-09,-0.203387558044671,20,-0.20625,20,-0.20625
88,11335,1.581181546875e-09,0.206992207284629,108,0.20625,108,0.20625
89,11463,1.599038546875e-09,-0.0899400738560565,44,-0.09375,44,-0.09375
90,11591,1.616895546875e-09,-0.0816003502866248,46,-0.084375,46,-0.084375
91,11719,1.634752546875e-09,-0.219156303328048,17,-0.2203125,17,-0.2203125
92,11847,1.652609546875e-09,0.0795166362845898,80,0.075,80,0.075
93,11975,1.670466546875e-09,0.231435334816454,113,0.2296875,113,0.2296875
94,12103,1.688323546875e-09,0.207662268058066,108,0.20625,108,0.20625
95,12231,1.706180546875e-09,0.0891772312877472,83,0.0890625,83,0.0890625
96,12359,1.724037546875e-09,-0.0863287771231697,45,-0.0890625,45,-0.0890625
97,12487,1.741894546875e-09,0.0808291402706677,81,0.0796875,81,0.0796875
98,12615,1.759751546875e-09,-0.0955735789185116,43,-0.0984375,43,-0.0984375
99,12743,1.777608546875e-09,0.0686988410949251,78,0.065625,78,0.065625
100,12871,1.795465546875e-09,-0.072033604462641,48,-0.075,48,-0.075
101,12999,1.813322546875e-09,0.239796320884032,115,0.2390625,115,0.2390625
102,13127,1.831179546875e-09,0.228031467965955,112,0.225,112,0.225
103,13255,1.849036546875e-09,-0.0860600970676487,45,-0.0890625,45,-0.0890625
104,13383,1.866893546875e-09,-0.0740721008423096,48,-0.075,48,-0.075
105,13511,1.884750546875e-09,0.0746135274921173,79,0.0703125,79,0.0703125
106,13639,1.902607546875e-09,-0.239341763642317,12,-0.24375,12,-0.24375
107,13767,1.920464546875e-09,-0.22637226442577,15,-0.2296875,15,-0.2296875
108,13895,1.938321546875e-09,-0.24086068380825,12,-0.24375,12,-0.24375
109,14023,1.956178546875e-09,-0.23001522734538,14,-0.234375,14,-0.234375
110,14151,1.974035546875e-09,-0.0725902857271081,48,-0.075,48,-0.075
111,14279,1.991892546875e-09,0.092404147453483,83,0.0890625,83,0.0890625
112,14407,2.009749546875e-09,0.0697831403710785,78,0.065625,78,0.065625
113,14535,2.027606546875e-09,0.109257860313543,87,0.1078125,87,0.1078125
114,14663,2.045463546875e-09,0.208406354715007,108,0.20625,108,0.20625
115,14791,2.063320546875e-09,-0.0679562014823445,49,-0.0703125,49,-0.0703125
116,14919,2.081177546875e-09,0.0569107428823674,76,0.05625,76,0.05625
117,15047,2.099034546875e-09,-0.243795611894689,11,-0.2484375,11,-0.2484375
118,15175,2.116891546875e-09,-0.225403244207576,15,-0.2296875,15,-0.2296875
119,15303,2.134748546875e-09,-0.0784989054183752,47,-0.0796875,47,-0.0796875
120,15431,2.152605546875e-09,0.0814442384028897,81,0.0796875,81,0.0796875
121,15559,2.170462546875e-09,0.217922738949836,110,0.215625,110,0.215625
122,15687,2.188319546875e-09,-0.22763104044577,15,-0.2296875,15,-0.2296875
123,15815,2.206176546875e-09,-0.0501518839196129,53,-0.0515625,53,-0.0515625
124,15943,2.224033546875e-09,0.207254179139383,108,0.20625,108,0.20625
125,16071,2.241890546875e-09,-0.0909020816999822,44,-0.09375,44,-0.09375
126,16199,2.259747546875e-09,-0.0589969602457246,51,-0.0609375,51,-0.0609375
127,16327,2.277604546875e-09,0.0712952665213483,79,0.0703125,79,0.0703125
128,16455,2.295461546875e-09,-0.0838053215252401,46,-0.084375,46,-0.084375
129,16583,2.313318546875e-09,0.0793859870108275,80,0.075,80,0.075
130,16711,2.331175546875e-09,0.0838371882240251,81,0.0796875,81,0.0796875
131,16839,2.349032546875e-09,0.0737059436283525,79,0.0703125,79,0.0703125
132,16967,2.366889546875e-09,0.0825900741965568,81,0.0796875,81,0.0796875
133,17095,2.384746546875e-09,0.209662630223609,108,0.20625,108,0.20625
134,17223,2.402603546875e-09,-0.228208814940449,15,-0.2296875,15,-0.2296875
135,17351,2.420460546875e-09,0.0875894273750618,82,0.084375,82,0.084375
136,17479,2.438317546875e-09,0.221804800682475,111,0.2203125,111,0.2203125
137,17607,2.456174546875e-09,-0.250488877561665,10,-0.253125,10,-0.253125
138,17735,2.474031546875e-09,-0.218553922819671,17,-0.2203125,17,-0.2203125
139,17863,2.491888546875e-09,0.230159687329025,113,0.2296875,113,0.2296875
140,17991,2.509745546875e-09,-0.254185841496125,9,-0.2578125,9,-0.2578125
141,18119,2.527602546875e-09,-0.215683845154649,17,-0.2203125,17,-0.2203125
142,18247,2.545459546875e-09,-0.066462169377186,49,-0.0703125,49,-0.0703125
143,18375,2.563316546875e-09,0.0716325388100644,79,0.0703125,79,0.0703125
144,18503,2.581173546875e-09,-0.0722797343189664,48,-0.075,48,-0.075
145,18631,2.599030546875e-09,0.231290072794148,113,0.2296875,113,0.2296875
146,18759,2.616887546875e-09,0.078152301635214,80,0.075,80,0.075
147,18887,2.634744546875e-09,0.242888304375009,115,0.2390625,115,0.2390625
148,19015,2.652601546875e-09,0.213477466963871,109,0.2109375,109,0.2109375
149,19143,2.670458546875e-09,-0.240531346759237,12,-0.24375,12,-0.24375
150,19271,2.688315546875e-09,0.25376683584275,118,0.253125,118,0.253125
151,19399,2.706172546875e-09,-0.11767090184794,38,-0.121875,38,-0.121875
152,19527,2.724029546875e-09,0.0882788631295663,82,0.084375,82,0.084375
153,19655,2.741886546875e-09,-0.241662775251349,12,-0.24375,12,-0.24375
154,19783,2.759743546875e-09,-0.0673474546271259,49,-0.0703125,49,-0.0703125
155,19911,2.777600546875e-09,0.237837649713989,114,0.234375,114,0.234375
156,20039,2.795457546875e-09,-0.254644419175034,9,-0.2578125,9,-0.2578125
157,20167,2.813314546875e-09,-0.0502723173366259,53,-0.0515625,53,-0.0515625
158,20295,2.831171546875e-09,0.244101429665897,116,0.24375,116,0.24375
159,20423,2.849028546875e-09,-0.248453676348688,10,-0.253125,10,-0.253125
160,20551,2.866885546875e-09,-0.0781936940773734,47,-0.0796875,47,-0.0796875
161,20679,2.884742546875e-09,-0.075734573447724,47,-0.0796875,47,-0.0796875
162,20807,2.902599546875e-09,-0.0614672269991743,50,-0.065625,50,-0.065625
163,20935,2.920456546875e-09,0.227312688486053,112,0.225,112,0.225
164,21063,2.938313546875e-09,0.237719547890697,114,0.234375,114,0.234375
165,21191,2.956170546875e-09,-0.0892486793151004,44,-0.09375,44,-0.09375
166,21319,2.974027546875e-09,0.0920709500300265,83,0.0890625,83,0.0890625
167,21447,2.991884546875e-09,0.216660611561392,110,0.215625,110,0.215625
168,21575,3.009741546875e-09,-0.0646494540420273,50,-0.065625,50,-0.065625
169,21703,3.027598546875e-09,0.0505712457313208,74,0.046875,74,0.046875
170,21831,3.045455546875e-09,-0.0664590720404076,49,-0.0703125,49,-0.0703125
171,21959,3.063312546875e-09,-0.239912816084021,12,-0.24375,12,-0.24375
172,22087,3.081169546875e-09,0.0937260157791645,83,0.0890625,83,0.0890625
173,22215,3.099026546875e-09,0.0657840712849684,78,0.065625,78,0.065625
174,22343,3.116883546875e-09,0.0789844842250245,80,0.075,80,0.075
175,22471,3.134740546875e-09,-0.066555450726175,49,-0.0703125,49,-0.0703125
176,22599,3.152597546875e-09,0.0831339893115129,81,0.0796875,81,0.0796875
177,22727,3.170454546875e-09,0.22514445548889,112,0.225,112,0.225
178,22855,3.188311546875e-09,-0.0935071092018381,44,-0.09375,44,-0.09375
179,22983,3.206168546875e-09,-0.21426092912951,18,-0.215625,18,-0.215625
180,23111,3.224025546875e-09,0.0788700783590776,80,0.075,80,0.075
181,23239,3.241882546875e-09,0.221848262125697,111,0.2203125,111,0.2203125
182,23367,3.259739546875e-09,0.0618048512722845,77,0.0609375,77,0.0609375
183,23495,3.277596546875e-09,-0.21872542376066,17,-0.2203125,17,-0.2203125
184,23623,3.295453546875e-09,0.228325308964466,112,0.225,112,0.225
185,23751,3.313310546875e-09,-0.233778964940356,14,-0.234375,14,-0.234375
186,23879,3.331167546875e-09,0.0803240039833576,81,0.0796875,81,0.0796875
187,24007,3.349024546875e-09,0.242217536608465,115,0.2390625,115,0.2390625
188,24135,3.366881546875e-09,0.226157186813613,112,0.225,112,0.225
189,24263,3.384738546875e-09,0.244950563231013,116,0.24375,116,0.24375
190,24391,3.402595546875e-09,0.214057127342118,109,0.2109375,109,0.2109375
191,24519,3.420452546875e-09,-0.221308122702289,16,-0.225,16,-0.225
192,24647,3.438309546875e-09,0.230191600274717,113,0.2296875,113,0.2296875
193,24775,3.456166546875e-09,-0.106237952588507,41,-0.1078125,41,-0.1078125
194,24903,3.474023546875e-09,-0.213292749951187,18,-0.215625,18,-0.215625
195,25031,3.491880546875e-09,-0.0658513708513798,49,-0.0703125,49,-0.0703125
196,25159,3.509737546875e-09,0.235351939879017,114,0.234375,114,0.234375
197,25287,3.527594546875e-09,-0.0979172705557778,43,-0.0984375,43,-0.0984375
198,25415,3.545451546875e-09,-0.214973342115502,18,-0.215625,18,-0.215625
199,25543,3.563308546875e-09,-0.202079774057415,20,-0.20625,20,-0.20625
200,25671,3.581165546875e-09,0.226257874812973,112,0.225,112,0.225
201,25799,3.599022546875e-09,-0.241924051690462,12,-0.24375,12,-0.24375
202,25927,3.616879546875e-09,-0.0593209223187711,51,-0.0609375,51,-0.0609375
203,26055,3.634736546875e-09,0.229111189951987,112,0.225,112,0.225
204,26183,3.652593546875e-09,-0.215552189378573,18,-0.215625,18,-0.215625
205,26311,3.670450546875e-09,0.219717725138024,110,0.215625,110,0.215625
206,26439,3.688307546875e-09,-0.223810748170546,16,-0.225,16,-0.225
207,26567,3.706164546875e-09,0.244925540881141,116,0.24375,116,0.24375
208,26695,3.724021546875e-09,-0.100200531133275,42,-0.103125,42,-0.103125
209,26823,3.741878546875e-09,0.243104027511125,115,0.2390625,115,0.2390625
210,26951,3.759735546875e-09,-0.241428211357797,12,-0.24375,12,-0.24375
211,27079,3.777592546875e-09,0.0978906201788878,84,0.09375,84,0.09375
212,27207,3.795449546875e-09,0.222717214759027,111,0.2203125,111,0.2203125
213,27335,3.813306546875e-09,-0.098284717067391,43,-0.0984375,43,-0.0984375
214,27463,3.831163546875e-09,-0.231614161132516,14,-0.234375,14,-0.234375
215,27591,3.849020546875e-09,-0.210111931685578,19,-0.2109375,19,-0.2109375
216,27719,3.866877546875e-09,-0.243808185990007,11,-0.2484375,11,-0.2484375
217,27847,3.884734546875e-09,-0.0820012119819581,46,-0.084375,46,-0.084375
218,27975,3.902591546875e-09,-0.233762681582797,14,-0.234375,14,-0.234375
219,28103,3.920448546875e-09,-0.0517311932985924,52,-0.05625,52,-0.05625
220,28231,3.938305546875e-09,-0.0716977450136193,48,-0.075,48,-0.075
221,28359,3.956162546875e-09,0.255930492804683,118,0.253125,118,0.253125
222,28487,3.974019546875e-09,0.216085143163932,110,0.215625,110,0.215625
223,28615,3.991876546875e-09,0.240642003573441,115,0.2390625,115,0.2390625
224,28743,4.009733546875e-09,-0.10489823177107,41,-0.1078125,41,-0.1078125
225,28871,4.027590546875e-09,-0.20347323857145,20,-0.20625,20,-0.20625
226,28999,4.045447546875e-09,-0.111212288123612,40,-0.1125,40,-0.1125
227,29127,4.063304546875e-09,-0.241105831062869,12,-0.24375,12,-0.24375
228,29255,4.081161546875e-09,-0.223893004800606,16,-0.225,16,-0.225
229,29383,4.099018546875e-09,-0.0990556698263901,42,-0.103125,42,-0.103125
230,29511,4.116875546875e-09,0.112564780095321,88,0.1125,88,0.1125
231,29639,4.134732546875e-09,0.0536900867451531,75,0.0515625,75,0.0515625
232,29767,4.152589546875e-09,-0.207088042964925,19,-0.2109375,19,-0.2109375
233,29895,4.170446546875e-09,0.0784883430787243,80,0.075,80,0.075
234,30023,4.188303546875e-09,0.224339298165623,111,0.2203125,111,0.2203125
235,30151,4.206160546875e-09,-0.253289590807352,9,-0.2578125,9,-0.2578125
236,30279,4.224017546875e-09,-0.227705148382321,15,-0.2296875,15,-0.2296875
237,30407,4.241874546875e-09,-0.0718749570371309,48,-0.075,48,-0.075
238,30535,4.259731546875e-09,-0.0708335949786975,48,-0.075,48,-0.075
239,30663,4.277588546875e-09,0.0665463708349572,78,0.065625,78,0.065625
240,30791,4.295445546875e-09,0.244801947861727,116,0.24375,116,0.24375
241,30919,4.313302546875e-09,0.0536181175617773,75,0.0515625,75,0.0515625
242,31047,4.331159546875e-09,-0.211378344435263,18,-0.215625,18,-0.215625
243,31175,4.349016546875e-09,0.236150956351478,114,0.234375,114,0.234375
244,31303,4.366873546875e-09,0.0502473660922623,74,0.046875,74,0.046875
245,31431,4.384730546875e-09,0.199516927166659,106,0.196875,106,0.196875
246,31559,4.402587546875e-09,-0.0589270367568406,51,-0.0609375,51,-0.0609375
247,31687,4.420444546875e-09,-0.0761953164431533,47,-0.0796875,47,-0.0796875
248,31815,4.438301546875e-09,0.225309160930395,112,0.225,112,0.225
249,31943,4.456158546875e-09,0.0663600282819979,78,0.065625,78,0.065625
250,32071,4.474015546875e-09,-0.239081574885142,12,-0.24375,12,-0.24375
251,32199,4.491872546875e-09,0.244848422611192,116,0.24375,116,0.24375
252,32327,4.509729546875e-09,-0.0700584766718077,49,-0.0703125,49,-0.0703125
253,32455,4.527586546875e-09,0.0521837634643858,75,0.0515625,75,0.0515625
254,32583,4.545443546875e-09,-0.224772757556791,16,-0.225,16,-0.225
255,32711,4.563300546875e-09,0.241857067796477,115,0.2390625,115,0.2390625
256,32839,4.581157546875e-09,0.0720308108223334,79,0.0703125,79,0.0703125
257,32967,4.599014546875e-09,0.0835104817578052,81,0.0796875,81,0.0796875
258,33095,4.616871546875e-09,0.229499366580735,112,0.225,112,0.225
259,33223,4.634728546875e-09,0.224548521671205,111,0.2203125,111,0.2203125
260,33351,4.652585546875e-09,-0.0792742523739956,47,-0.0796875,47,-0.0796875
261,33479,4.670442546875e-09,-0.0783921605840857,47,-0.0796875,47,-0.0796875
262,33607,4.688299546875e-09,-0.0754691757889008,47,-0.0796875,47,-0.0796875
263,33735,4.706156546875e-09,-0.083277782782448,46,-0.084375,46,-0.084375
264,33863,4.724013546875e-09,-0.0679592335932514,49,-0.0703125,49,-0.0703125
265,33991,4.741870546875e-09,0.0674602023073821,78,0.065625,78,0.065625
266,34119,4.759727546875e-09,-0.0740854069653754,48,-0.075,48,-0.075
267,34247,4.777584546875e-09,-0.0605873232918943,51,-0.0609375,51,-0.0609375
268,34375,4.795441546875e-09,-0.063830738300064,50,-0.065625,50,-0.065625
269,34503,4.813298546875e-09,0.0647631506732596,77,0.0609375,77,0.0609375
270,34631,4.831155546875e-09,0.077211930310263,80,0.075,80,0.075
271,34759,4.849012546875e-09,-0.232356512957447,14,-0.234375,14,-0.234375
272,34887,4.866869546875e-09,-0.224230413754982,16,-0.225,16,-0.225
273,35015,4.884726546875e-09,-0.223855775323644,16,-0.225,16,-0.225
274,35143,4.902583546875e-09,0.22692620371798,112,0.225,112,0.225
275,35271,4.920440546875e-09,-0.241138072373924,12,-0.24375,12,-0.24375
276,35399,4.938297546875e-09,0.257409235420512,118,0.253125,118,0.253125
277,35527,4.956154546875e-09,-0.248377752944248,11,-0.2484375,11,-0.2484375
278,35655,4.974011546875e-09,0.26903145275879,121,0.2671875,121,0.2671875
279,35783,4.991868546875e-09,0.185800642059807,103,0.1828125,103,0.1828125
280,35911,5.009725546875e-09,0.104262535297608,86,0.103125,86,0.103125
281,36039,5.027582546875e-09,0.0459958058127889,73,0.0421875,73,0.0421875
282,36167,5.045439546875e-09,-0.213554199159607,18,-0.215625,18,-0.215625
283,36295,5.063296546875e-09,0.233201041078511,113,0.2296875,113,0.2296875
284,36423,5.081153546875e-09,-0.261145367486546,8,-0.2625,8,-0.2625
285,36551,5.099010546875e-09,-0.221229224928354,16,-0.225,16,-0.225
286,36679,5.116867546875e-09,-0.236749293772012,13,-0.2390625,13,-0.2390625
287,36807,5.134724546875e-09,-0.214178402015924,18,-0.215625,18,-0.215625
288,36935,5.152581546875e-09,0.233305052313866,113,0.2296875,113,0.2296875
289,37063,5.170438546875e-09,-0.0896633118685494,44,-0.09375,44,-0.09375
290,37191,5.188295546875e-09,-0.0639693053724832,50,-0.065625,50,-0.065625
291,37319,5.206152546875e-09,0.0924335427040374,83,0.0890625,83,0.0890625
292,37447,5.224009546875e-09,-0.0829901037624087,46,-0.084375,46,-0.084375
293,37575,5.241866546875e-09,-0.237879190542612,13,-0.2390625,13,-0.2390625
294,37703,5.259723546875e-09,0.233608477459259,113,0.2296875,113,0.2296875
295,37831,5.277580546875e-09,-0.259708672906937,8,-0.2625,8,-0.2625
296,37959,5.295437546875e-09,-0.212984908262151,18,-0.215625,18,-0.215625
297,38087,5.313294546875e-09,0.253319221168329,118,0.253125,118,0.253125
298,38215,5.331151546875e-09,-0.11573318289657,39,-0.1171875,39,-0.1171875
299,38343,5.349008546875e-09,0.102005445651509,85,0.0984375,85,0.0984375
300,38471,5.366865546875e-09,0.211116195395704,109,0.2109375,109,0.2109375
301,38599,5.384722546875e-09,-0.229438605446401,15,-0.2296875,15,-0.2296875
302,38727,5.402579546875e-09,0.0742736613249025,79,0.0703125,79,0.0703125
303,38855,5.420436546875e-09,0.0691782896301696,78,0.065625,78,0.065625
304,38983,5.438293546875e-09,-0.235477167236782,13,-0.2390625,13,-0.2390625
305,39111,5.456150546875e-09,0.232945819488399,113,0.2296875,113,0.2296875
306,39239,5.474007546875e-09,0.223951929928531,111,0.2203125,111,0.2203125
307,39367,5.491864546875e-09,-0.0948892005218109,43,-0.0984375,43,-0.0984375
308,39495,5.509721546875e-09,-0.0531861431457743,52,-0.05625,52,-0.05625
309,39623,5.527578546875e-09,0.0796329675525839,80,0.075,80,0.075
310,39751,5.545435546875e-09,0.0581102906943082,76,0.05625,76,0.05625
311,39879,5.563292546875e-09,-0.0832424210583935,46,-0.084375,46,-0.084375
312,40007,5.581149546875e-09,0.0745150142831807,79,0.0703125,79,0.0703125
313,40135,5.599006546875e-09,0.0879487715077608,82,0.084375,82,0.084375
314,40263,5.616863546875e-09,-0.0740047456425569,48,-0.075,48,-0.075
315,40391,5.634720546875e-09,0.225385238561609,112,0.225,112,0.225
316,40519,5.652577546875e-09,0.0597071321006851,76,0.05625,76,0.05625
317,40647,5.670434546875e-09,0.103885564295367,86,0.103125,86,0.103125
318,40775,5.688291546875e-09,0.210449573223953,108,0.20625,108,0.20625
319,40903,5.706148546875e-09,0.249101524711294,117,0.2484375,117,0.2484375
320,41031,5.724005546875e-09,0.224946181792333,111,0.2203125,111,0.2203125
321,41159,5.741862546875e-09,-0.258186119524871,8,-0.2625,8,-0.2625
322,41287,5.759719546875e-09,0.251446989035005,117,0.2484375,117,0.2484375
323,41415,5.777576546875e-09,0.224724892343368,111,0.2203125,111,0.2203125
324,41543,5.795433546875e-09,-0.0922396766041069,44,-0.09375,44,-0.09375
325,41671,5.813290546875e-09,0.261059185623217,119,0.2578125,119,0.2578125
326,41799,5.831147546875e-09,-0.111999471871216,40,-0.1125,40,-0.1125
327,41927,5.849004546875e-09,-0.0550937789871385,52,-0.05625,52,-0.05625
328,42055,5.866861546875e-09,-0.0752056136950609,47,-0.0796875,47,-0.0796875
329,42183,5.884718546875e-09,-0.224651159174579,16,-0.225,16,-0.225
330,42311,5.902575546875e-09,0.229286263187556,112,0.225,112,0.225
331,42439,5.920432546875e-09,-0.217495424145251,17,-0.2203125,17,-0.2203125
332,42567,5.938289546875e-09,0.241694059333292,115,0.2390625,115,0.2390625
333,42695,5.956146546875e-09,0.0851394151258066,82,0.084375,82,0.084375
334,42823,5.974003546875e-09,-0.237801231017231,13,-0.2390625,13,-0.2390625
335,42951,5.991860546875e-09,-0.209686821577222,19,-0.2109375,19,-0.2109375
336,43079,6.009717546875e-09,0.0618162925120154,77,0.0609375,77,0.0609375
337,43207,6.027574546875e-09,-0.228912397208276,15,-0.2296875,15,-0.2296875
338,43335,6.045431546875e-09,-0.0647587249646406,50,-0.065625,50,-0.065625
339,43463,6.063288546875e-09,0.0701695520451427,78,0.065625,78,0.065625
340,43591,6.081145546875e-09,-0.229704344520644,14,-0.234375,14,-0.234375
341,43719,6.099002546875e-09,-0.222979953812539,16,-0.225,16,-0.225
342,43847,6.116859546875e-09,0.0910341623770645,83,0.0890625,83,0.0890625
343,43975,6.134716546875e-09,0.220961205232489,111,0.2203125,111,0.2203125
344,44103,6.152573546875e-09,0.084597117048821,82,0.084375,82,0.084375
345,44231,6.170430546875e-09,0.08585615016733,82,0.084375,82,0.084375
346,44359,6.188287546875e-09,-0.247712809938294,11,-0.2484375,11,-0.2484375
347,44487,6.206144546875e-09,0.243926326037269,116,0.24375,116,0.24375
348,44615,6.224001546875e-09,0.0597498936124625,76,0.05625,76,0.05625
349,44743,6.241858546875e-09,-0.0692728491468305,49,-0.0703125,49,-0.0703125
350,44871,6.259715546875e-09,0.0857246596604889,82,0.084375,82,0.084375
351,44999,6.277572546875e-09,0.0681612397142898,78,0.065625,78,0.065625
352,45127,6.295429546875e-09,0.220169490932797,110,0.215625,110,0.215625
353,45255,6.313286546875e-09,-0.235513036285775,13,-0.2390625,13,-0.2390625
354,45383,6.331143546875e-09,-0.0613121710177237,50,-0.065625,50,-0.065625
355,45511,6.349000546875e-09,0.0737445623903301,79,0.0703125,79,0.0703125
356,45639,6.366857546875e-09,-0.0888191225239453,45,-0.0890625,45,-0.0890625
357,45767,6.384714546875e-09,0.0695451914934249,78,0.065625,78,0.065625
358,45895,6.402571546875e-09,0.0802436421359626,81,0.0796875,81,0.0796875
359,46023,6.420428546875e-09,-0.206927206780013,19,-0.2109375,19,-0.2109375
360,46151,6.438285546875e-09,0.208738921433336,108,0.20625,108,0.20625
361,46279,6.456142546875e-09,-0.0598145230513928,51,-0.0609375,51,-0.0609375
362,46407,6.473999546875e-09,0.0710034776055975,79,0.0703125,79,0.0703125
363,46535,6.491856546875e-09,0.0864912382390772,82,0.084375,82,0.084375
364,46663,6.509713546875e-09,0.0573253533390844,76,0.05625,76,0.05625
365,46791,6.527570546875e-09,-0.229982560663644,14,-0.234375,14,-0.234375
366,46919,6.545427546875e-09,-0.212110455403296,18,-0.215625,18,-0.215625
367,47047,6.563284546875e-09,0.229185511245878,112,0.225,112,0.225
368,47175,6.581141546875e-09,0.0568509712539237,76,0.05625,76,0.05625
369,47303,6.598998546875e-09,-0.0658107638138873,49,-0.0703125,49,-0.0703125
370,47431,6.616855546875e-09,-0.0735197795836666,48,-0.075,48,-0.075
371,47559,6.634712546875e-09,-0.0622452289624366,50,-0.065625,50,-0.065625
372,47687,6.652569546875e-09,0.218890429276498,110,0.215625,110,0.215625
373,47815,6.670426546875e-09,-0.250417684778555,10,-0.253125,10,-0.253125
374,47943,6.688283546875e-09,0.104374205150741,86,0.103125,86,0.103125
375,48071,6.706140546875e-09,0.065089330008567,77,0.0609375,77,0.0609375
376,48199,6.723997546875e-09,0.23302666121824,113,0.2296875,113,0.2296875
377,48327,6.741854546875e-09,0.0824813655220624,81,0.0796875,81,0.0796875
378,48455,6.759711546875e-09,0.0713359087855861,79,0.0703125,79,0.0703125
379,48583,6.777568546875e-09,0.226683544364664,112,0.225,112,0.225
380,48711,6.795425546875e-09,-0.226240402129134,15,-0.2296875,15,-0.2296875
381,48839,6.813282546875e-09,0.0732715763628667,79,0.0703125,79,0.0703125
382,48967,6.831139546875e-09,-0.077054789934666,47,-0.0796875,47,-0.0796875
383,49095,6.848996546875e-09,-0.0694653222287332,49,-0.0703125,49,-0.0703125
384,49223,6.866853546875e-09,0.0665056439232637,78,0.065625,78,0.065625
385,49351,6.884710546875e-09,-0.0693229135232753,49,-0.0703125,49,-0.0703125
386,49479,6.902567546875e-09,-0.223215627828132,16,-0.225,16,-0.225
387,49607,6.920424546875e-09,-0.0807116650478435,46,-0.084375,46,-0.084375
388,49735,6.938281546875e-09,-0.0767047281379703,47,-0.0796875,47,-0.0796875
389,49863,6.956138546875e-09,0.0812094072097835,81,0.0796875,81,0.0796875
390,49991,6.973995546875e-09,-0.0682403769084634,49,-0.0703125,49,-0.0703125
391,50119,6.991852546875e-09,-0.0680518840695057,49,-0.0703125,49,-0.0703125
392,50247,7.009709546875e-09,0.240602973534734,115,0.2390625,115,0.2390625
393,50375,7.027566546875e-09,0.218994656782351,110,0.215625,110,0.215625
394,50503,7.045423546875e-09,-0.235994289553999,13,-0.2390625,13,-0.2390625
395,50631,7.063280546875e-09,0.0993293959606565,85,0.0984375,85,0.0984375
396,50759,7.081137546875e-09,-0.260712807797058,8,-0.2625,8,-0.2625
397,50887,7.098994546875e-09,-0.0587550221240114,51,-0.0609375,51,-0.0609375
398,51015,7.116851546875e-09,0.217734759617267,110,0.215625,110,0.215625
399,51143,7.134708546875e-09,-0.241446224293435,12,-0.24375,12,-0.24375
400,51271,7.152565546875e-09,0.242702003095556,115,0.2390625,115,0.2390625
401,51399,7.170422546875e-09,0.0835262763518423,81,0.0796875,81,0.0796875
402,51527,7.188279546875e-09,0.0751978343670227,80,0.075,80,0.075
403,51655,7.206136546875e-09,0.213237833163472,109,0.2109375,109,0.2109375
404,51783,7.223993546875e-09,-0.0758572441628733,47,-0.0796875,47,-0.0796875
405,51911,7.241850546875e-09,-0.215622301163224,18,-0.215625,18,-0.215625
406,52039,7.259707546875e-09,0.227831898965303,112,0.225,112,0.225
407,52167,7.277564546875e-09,0.227616944326493,112,0.225,112,0.225
408,52295,7.295421546875e-09,-0.104315692432197,41,-0.1078125,41,-0.1078125
409,52423,7.313278546875e-09,-0.217694777363027,17,-0.2203125,17,-0.2203125
410,52551,7.331135546875e-09,0.0947559481072803,84,0.09375,84,0.09375
411,52679,7.348992546875e-09,-0.11434946540949,39,-0.1171875,39,-0.1171875
412,52807,7.366849546875e-09,-0.052486295785354,52,-0.05625,52,-0.05625
413,52935,7.384706546875e-09,0.237235506652009,114,0.234375,114,0.234375
414,53063,7.402563546875e-09,0.216499145476073,110,0.215625,110,0.215625
415,53191,7.420420546875e-09,0.0844119564477235,82,0.084375,82,0.084375
416,53319,7.438277546875e-09,0.250626833816195,117,0.2484375,117,0.2484375
417,53447,7.456134546875e-09,0.0579760508235193,76,0.05625,76,0.05625
418,53575,7.473991546875e-09,0.253970823020889,118,0.253125,118,0.253125
419,53703,7.491848546875e-09,0.205712391443034,107,0.2015625,107,0.2015625
420,53831,7.509705546875e-09,-0.0661112002429078,49,-0.0703125,49,-0.0703125
421,53959,7.527562546875e-09,0.230011590908014,113,0.2296875,113,0.2296875
422,54087,7.545419546875e-09,0.0757830425145253,80,0.075,80,0.075
423,54215,7.563276546875e-09,0.0796240898794451,80,0.075,80,0.075
424,54343,7.581133546875e-09,-0.100791438440534,42,-0.103125,42,-0.103125
425,54471,7.598990546875e-09,-0.217876436240255,17,-0.2203125,17,-0.2203125
426,54599,7.616847546875e-09,-0.229681428831333,15,-0.2296875,15,-0.2296875
427,54727,7.634704546875e-09,-0.217734152823384,17,-0.2203125,17,-0.2203125
428,54855,7.652561546875e-09,-0.0766520314906348,47,-0.0796875,47,-0.0796875
429,54983,7.670418546875e-09,0.0745509368141871,79,0.0703125,79,0.0703125
430,55111,7.688275546875e-09,-0.198097320484611,21,-0.2015625,21,-0.2015625
431,55239,7.706132546875e-09,0.234604720356202,114,0.234375,114,0.234375
432,55367,7.723989546875e-09,-0.0703352207455553,48,-0.075,48,-0.075
433,55495,7.741846546875e-09,0.243465504957279,115,0.2390625,115,0.2390625
434,55623,7.759703546875e-09,0.0533510933174076,75,0.0515625,75,0.0515625
435,55751,7.777560546875e-09,-0.0672372878901662,49,-0.0703125,49,-0.0703125
436,55879,7.795417546875e-09,-0.227162475945523,15,-0.2296875,15,-0.2296875
437,56007,7.813274546875e-09,-0.0734089308530287,48,-0.075,48,-0.075
438,56135,7.831131546875e-09,0.0793846249069918,80,0.075,80,0.075
439,56263,7.848988546875e-09,-0.0948311970314259,43,-0.0984375,43,-0.0984375
440,56391,7.866845546875e-09,-0.0687061755230915,49,-0.0703125,49,-0.0703125
441,56519,7.884702546875e-09,-0.0856680396565215,45,-0.0890625,45,-0.0890625
442,56647,7.902559546875e-09,-0.201716522380747,20,-0.20625,20,-0.20625
443,56775,7.920416546875e-09,0.238490392273233,114,0.234375,114,0.234375
444,56903,7.938273546875e-09,0.0605791560922045,76,0.05625,76,0.05625
445,57031,7.956130546875e-09,0.0572678726325851,76,0.05625,76,0.05625
446,57159,7.973987546875e-09,-0.201299774567367,21,-0.2015625,21,-0.2015625
447,57287,7.991844546875e-09,0.0826982916456473,81,0.0796875,81,0.0796875
448,57415,8.009701546875e-09,-0.243504731274291,12,-0.24375,12,-0.24375
449,57543,8.027558546875e-09,0.227304392441442,112,0.225,112,0.225
450,57671,8.045415546875e-09,-0.244138941080423,11,-0.2484375,11,-0.2484375
451,57799,8.063272546875e-09,-0.0620669641502849,50,-0.065625,50,-0.065625
452,57927,8.081129546875e-09,0.0971166470082977,84,0.09375,84,0.09375
453,58055,8.098986546875e-09,0.0522451333795658,75,0.0515625,75,0.0515625
454,58183,8.116843546875e-09,-0.0602054065259728,51,-0.0609375,51,-0.0609375
455,58311,8.134700546875e-09,0.0596155155878563,76,0.05625,76,0.05625
456,58439,8.152557546875e-09,-0.227618945169661,15,-0.2296875,15,-0.2296875
457,58567,8.170414546875e-09,-0.236805905842018,13,-0.2390625,13,-0.2390625
458,58695,8.188271546875e-09,-0.0742612524061611,48,-0.075,48,-0.075
459,58823,8.206128546875e-09,-0.236553988275957,13,-0.2390625,13,-0.2390625
460,58951,8.223985546875e-09,0.0847434446777235,82,0.084375,82,0.084375
461,59079,8.241842546875e-09,0.0835341067006855,81,0.0796875,81,0.0796875
462,59207,8.259699546875e-09,0.233220496072639,113,0.2296875,113,0.2296875
463,59335,8.277556546875e-09,0.224802193302291,111,0.2203125,111,0.2203125
464,59463,8.295413546875e-09,-0.220213803068247,17,-0.2203125,17,-0.2203125
465,59591,8.313270546875e-09,-0.0855538270502271,45,-0.0890625,45,-0.0890625
466,59719,8.331127546875e-09,0.0583149893623255,76,0.05625,76,0.05625
467,59847,8.348984546875e-09,-0.0828021114634735,46,-0.084375,46,-0.084375
468,59975,8.366841546875e-09,-0.218455200945039,17,-0.2203125,17,-0.2203125
469,60103,8.384698546875e-09,0.220071648880714,110,0.215625,110,0.215625
470,60231,8.402555546875e-09,0.0743915758735344,79,0.0703125,79,0.0703125
471,60359,8.420412546875e-09,-0.0990156057453977,42,-0.103125,42,-0.103125
472,60487,8.438269546875e-09,-0.0331217639533102,56,-0.0375,56,-0.0375
473,60615,8.456126546875e-09,0.210897312700123,108,0.20625,108,0.20625
474,60743,8.473983546875e-09,0.0662331335717199,78,0.065625,78,0.065625
475,60871,8.491840546875e-09,0.0831906869369867,81,0.0796875,81,0.0796875
476,60999,8.509697546875e-09,-0.245103281958975,11,-0.2484375,11,-0.2484375
477,61127,8.527554546875e-09,0.0848252033014457,82,0.084375,82,0.084375
478,61255,8.545411546875e-09,0.0916420170087724,83,0.0890625,83,0.0890625
479,61383,8.563268546875e-09,0.0411884645536522,72,0.0375,72,0.0375
480,61511,8.581125546875e-09,0.108124421058527,87,0.1078125,87,0.1078125
481,61639,8.598982546875e-09,0.210864337183035,108,0.20625,108,0.20625
482,61767,8.616839546875e-09,0.0952886118114238,84,0.09375,84,0.09375
483,61895,8.634696546875e-09,0.230074950626988,113,0.2296875,113,0.2296875
484,62023,8.652553546875e-09,-0.0984074036596381,43,-0.0984375,43,-0.0984375
485,62151,8.670410546875e-09,0.0762790472543605,80,0.075,80,0.075
486,62279,8.688267546875e-09,-0.232306876190238,14,-0.234375,14,-0.234375
487,62407,8.706124546875e-09,0.0756630245427513,80,0.075,80,0.075
488,62535,8.723981546875e-09,-0.224330291672282,16,-0.225,16,-0.225
489,62663,8.741838546875e-09,-0.23223596160963,14,-0.234375,14,-0.234375
490,62791,8.759695546875e-09,-0.0730515382942715,48,-0.075,48,-0.075
491,62919,8.777552546875e-09,-0.233316430242847,14,-0.234375,14,-0.234375
492,63047,8.795409546875e-09,-0.19861739674225,21,-0.2015625,21,-0.2015625
493,63175,8.813266546875e-09,0.237667030589792,114,0.234375,114,0.234375
494,63303,8.831123546875e-09,-0.0838530687509441,46,-0.084375,46,-0.084375
495,63431,8.848980546875e-09,-0.0766682915304458,47,-0.0796875,47,-0.0796875
496,63559,8.866837546875e-09,-0.219714834359069,17,-0.2203125,17,-0.2203125
497,63687,8.884694546875e-09,-0.230567100127555,14,-0.234375,14,-0.234375
498,63815,8.902551546875e-09,0.06796055880725,78,0.065625,78,0.065625
499,63943,8.920408546875e-09,-0.0873057661859659,45,-0.0890625,45,-0.0890625
500,64071,8.938265546875e-09,-0.233125431085661,14,-0.234375,14,-0.234375
501,64199,8.956122546875e-09,-0.069162305408851,49,-0.0703125,49,-0.0703125
502,64327,8.973979546875e-09,0.233354102670485,113,0.2296875,113,0.2296875
503,64455,8.991836546875e-09,-0.08717637089597,45,-0.0890625,45,-0.0890625
504,64583,9.009693546875e-09,0.0886478776937585,82,0.084375,82,0.084375
505,64711,9.027550546875e-09,-0.0924718304174353,44,-0.09375,44,-0.09375
506,64839,9.045407546875e-09,-0.0677240166014464,49,-0.0703125,49,-0.0703125
507,64967,9.063264546875e-09,0.0659475529662223,78,0.065625,78,0.065625
508,65095,9.081121546875e-09,-0.0710931807652253,48,-0.075,48,-0.075
509,65223,9.098978546875e-09,0.0593743974002719,76,0.05625,76,0.05625
510,65351,9.116835546875e-09,-0.225913086782564,15,-0.2296875,15,-0.2296875
511,65479,9.134692546875e-09,0.217708599770974,110,0.215625,110,0.215625
512,65607,9.152549546875e-09,-0.248217690200092,11,-0.2484375,11,-0.2484375
513,65735,9.170406546875e-09,-0.0612010036951806,50,-0.065625,50,-0.065625
514,65863,9.188263546875e-09,-0.219980686081807,17,-0.2203125,17,-0.2203125
515,65991,9.206120546875e-09,0.227473322158682,112,0.225,112,0.225
516,66119,9.223977546875e-09,0.213975747125117,109,0.2109375,109,0.2109375
517,66247,9.241834546875e-09,-0.241323766669019,12,-0.24375,12,-0.24375
518,66375,9.259691546875e-09,-0.19476636522763,22,-0.196875,22,-0.196875
519,66503,9.277548546875e-09,-0.0934286498921557,44,-0.09375,44,-0.09375
520,66631,9.295405546875e-09,-0.0871490056151328,45,-0.0890625,45,-0.0890625
521,66759,9.313262546875e-09,-0.240601138690592,12,-0.24375,12,-0.24375
522,66887,9.331119546875e-09,0.068799889982685,78,0.065625,78,0.065625
523,67015,9.348976546875e-09,-0.217649540048236,17,-0.2203125,17,-0.2203125
524,67143,9.366833546875e-09,0.0907997810510985,83,0.0890625,83,0.0890625
525,67271,9.384690546875e-09,0.225936791108126,112,0.225,112,0.225
526,67399,9.402547546875e-09,0.215017456022607,109,0.2109375,109,0.2109375
527,67527,9.420404546875e-09,0.228821766576508,112,0.225,112,0.225
528,67655,9.438261546875e-09,-0.08722352825215,45,-0.0890625,45,-0.0890625
529,67783,9.456118546875e-09,-0.060085418934265,51,-0.0609375,51,-0.0609375
530,67911,9.473975546875e-09,-0.113540853712359,39,-0.1171875,39,-0.1171875
531,68039,9.491832546875e-09,0.228520245611404,112,0.225,112,0.225
532,68167,9.509689546875e-09,-0.2515135890253,10,-0.253125,10,-0.253125
533,68295,9.527546546875e-09,-0.21574413896662,17,-0.2203125,17,-0.2203125
534,68423,9.545403546875e-09,0.24342870826743,115,0.2390625,115,0.2390625
535,68551,9.563260546875e-09,-0.104920319011877,41,-0.1078125,41,-0.1078125
536,68679,9.581117546875e-09,-0.220608338282198,16,-0.225,16,-0.225
537,68807,9.598974546875e-09,0.0870872200107728,82,0.084375,82,0.084375
538,68935,9.616831546875e-09,0.0782126987703252,80,0.075,80,0.075
539,69063,9.634688546875e-09,-0.241636067323826,12,-0.24375,12,-0.24375
540,69191,9.652545546875e-09,0.0850270349126052,82,0.084375,82,0.084375
541,69319,9.670402546875e-09,-0.0711838799726934,48,-0.075,48,-0.075
542,69447,9.688259546875e-09,0.228947149979541,112,0.225,112,0.225
543,69575,9.706116546875e-09,0.215191198944193,109,0.2109375,109,0.2109375
544,69703,9.723973546875e-09,-0.0708748642270214,48,-0.075,48,-0.075
545,69831,9.741830546875e-09,0.255634298008071,118,0.253125,118,0.253125
546,69959,9.759687546875e-09,0.200864866694186,106,0.196875,106,0.196875
547,70087,9.777544546875e-09,0.076720086369276,80,0.075,80,0.075
548,70215,9.795401546875e-09,0.0561185948996544,75,0.0515625,75,0.0515625
549,70343,9.813258546875e-09,-0.224376376617021,16,-0.225,16,-0.225
550,70471,9.831115546875e-09,-0.0839831125380577,46,-0.084375,46,-0.084375
551,70599,9.848972546875e-09,-0.0881333921937461,45,-0.0890625,45,-0.0890625
552,70727,9.866829546875e-09,0.0825552068392445,81,0.0796875,81,0.0796875
553,70855,9.884686546875e-09,0.0777493812955065,80,0.075,80,0.075
554,70983,9.902543546875e-09,-0.221530880398125,16,-0.225,16,-0.225
555,71111,9.920400546875e-09,0.0848614917689421,82,0.084375,82,0.084375
556,71239,9.938257546875e-09,-0.0831155423422636,46,-0.084375,46,-0.084375
557,71367,9.956114546875e-09,-0.0595596794510517,51,-0.0609375,51,-0.0609375
558,71495,9.973971546875e-09,0.0666145929147186,78,0.065625,78,0.065625
559,71623,9.991828546875e-09,0.238725105988394,114,0.234375,114,0.234375
560,71751,1.0009685546875e-08,-0.0657292695482491,49,-0.0703125,49,-0.0703125
561,71879,1.0027542546875e-08,0.232347513577556,113,0.2296875,113,0.2296875
562,72007,1.0045399546875e-08,0.215239140697274,109,0.2109375,109,0.2109375
563,72135,1.0063256546875e-08,0.061501372363529,77,0.0609375,77,0.0609375
564,72263,1.0081113546875e-08,-0.247252226776971,11,-0.2484375,11,-0.2484375
565,72391,1.0098970546875e-08,-0.0445393573032246,54,-0.046875,54,-0.046875
566,72519,1.0116827546875e-08,0.212501358661736,109,0.2109375,109,0.2109375
567,72647,1.0134684546875e-08,0.220455936229593,111,0.2203125,111,0.2203125
568,72775,1.0152541546875e-08,0.0851978087645211,82,0.084375,82,0.084375
569,72903,1.0170398546875e-08,0.229281585377474,112,0.225,112,0.225
570,73031,1.0188255546875e-08,-0.224491803948787,16,-0.225,16,-0.225
571,73159,1.0206112546875e-08,0.0793760012785363,80,0.075,80,0.075
572,73287,1.0223969546875e-08,-0.0980843032450681,43,-0.0984375,43,-0.0984375
573,73415,1.0241826546875e-08,0.268026478289262,121,0.2671875,121,0.2671875
574,73543,1.0259683546875e-08,0.204318954426829,107,0.2015625,107,0.2015625
575,73671,1.0277540546875e-08,0.244594987701244,116,0.24375,116,0.24375
576,73799,1.0295397546875e-08,0.0847054729767199,82,0.084375,82,0.084375
577,73927,1.0313254546875e-08,-0.0792638713889327,47,-0.0796875,47,-0.0796875
578,74055,1.0331111546875e-08,-0.228291095925904,15,-0.2296875,15,-0.2296875
579,74183,1.0348968546875e-08,0.0681224415660034,78,0.065625,78,0.065625
580,74311,1.0366825546875e-08,-0.0782205772722811,47,-0.0796875,47,-0.0796875
581,74439,1.0384682546875e-08,-0.067122830135488,49,-0.0703125,49,-0.0703125
582,74567,1.0402539546875e-08,-0.064512846171939,50,-0.065625,50,-0.065625
583,74695,1.0420396546875e-08,0.0684545938248663,78,0.065625,78,0.065625
584,74823,1.0438253546875e-08,-0.218003646146846,17,-0.2203125,17,-0.2203125
585,74951,1.0456110546875e-08,-0.069005667156018,49,-0.0703125,49,-0.0703125
586,75079,1.0473967546875e-08,0.0850663476206034,82,0.084375,82,0.084375
587,75207,1.0491824546875e-08,0.0819985886936229,81,0.0796875,81,0.0796875
588,75335,1.0509681546875e-08,0.222784198659518,111,0.2203125,111,0.2203125
589,75463,1.0527538546875e-08,-0.0592913037331433,51,-0.0609375,51,-0.0609375
590,75591,1.0545395546875e-08,0.218243378109656,110,0.215625,110,0.215625
591,75719,1.0563252546875e-08,-0.210692447730772,19,-0.2109375,19,-0.2109375
592,75847,1.0581109546875e-08,0.202477835446937,107,0.2015625,107,0.2015625
593,75975,1.0598966546875e-08,-0.0712950520605611,48,-0.075,48,-0.075
594,76103,1.0616823546875e-08,0.234071359107399,113,0.2296875,113,0.2296875
595,76231,1.0634680546875e-08,0.0722347593172648,79,0.0703125,79,0.0703125
596,76359,1.0652537546875e-08,0.231196239887993,113,0.2296875,113,0.2296875
597,76487,1.0670394546875e-08,-0.0659188521295598,49,-0.0703125,49,-0.0703125
598,76615,1.0688251546875e-08,0.219385650837025,110,0.215625,110,0.215625
599,76743,1.0706108546875e-08,-0.234623368403755,13,-0.2390625,13,-0.2390625
600,76871,1.0723965546875e-08,-0.0710573692689105,48,-0.075,48,-0.075
601,76999,1.0741822546875e-08,-0.22933362433395,15,-0.2296875,15,-0.2296875
602,77127,1.0759679546875e-08,-0.0621540885341057,50,-0.065625,50,-0.065625
603,77255,1.0777536546875e-08,-0.241737924352648,12,-0.24375,12,-0.24375
604,77383,1.0795393546875e-08,0.242109269294469,115,0.2390625,115,0.2390625
605,77511,1.0813250546875e-08,-0.216348405320908,17,-0.2203125,17,-0.2203125
606,77639,1.0831107546875e-08,0.255019334002177,118,0.253125,118,0.253125
607,77767,1.0848964546875e-08,-0.254812846991107,9,-0.2578125,9,-0.2578125
608,77895,1.0866821546875e-08,-0.0541831588313033,52,-0.05625,52,-0.05625
609,78023,1.0884678546875e-08,0.0636422857700913,77,0.0609375,77,0.0609375
610,78151,1.0902535546875e-08,-0.236037451214733,13,-0.2390625,13,-0.2390625
611,78279,1.0920392546875e-08,-0.221476033385992,16,-0.225,16,-0.225
612,78407,1.0938249546875e-08,-0.226383516586173,15,-0.2296875,15,-0.2296875
613,78535,1.0956106546875e-08,0.0732125063171603,79,0.0703125,79,0.0703125
614,78663,1.0973963546875e-08,-0.250259517717953,10,-0.253125,10,-0.253125
615,78791,1.0991820546875e-08,-0.203635620597927,20,-0.20625,20,-0.20625
616,78919,1.1009677546875e-08,-0.238237689249309,13,-0.2390625,13,-0.2390625
617,79047,1.1027534546875e-08,0.102331581155014,85,0.0984375,85,0.0984375
618,79175,1.1045391546875e-08,0.0626782573204761,77,0.0609375,77,0.0609375
619,79303,1.1063248546875e-08,-0.0695589026796265,49,-0.0703125,49,-0.0703125
620,79431,1.1081105546875e-08,0.0778358181486811,80,0.075,80,0.075
621,79559,1.1098962546875e-08,-0.224749874238805,16,-0.225,16,-0.225
622,79687,1.1116819546875e-08,0.0595203020466746,76,0.05625,76,0.05625
623,79815,1.1134676546875e-08,-0.225294814820246,15,-0.2296875,15,-0.2296875
624,79943,1.1152533546875e-08,0.0371975608464346,71,0.0328125,71,0.0328125
625,80071,1.1170390546875e-08,-0.207826599405924,19,-0.2109375,19,-0.2109375
626,80199,1.1188247546875e-08,0.0791569350772787,80,0.075,80,0.075
627,80327,1.1206104546875e-08,0.079319614538311,80,0.075,80,0.075
628,80455,1.1223961546875e-08,0.205141437867137,107,0.2015625,107,0.2015625
629,80583,1.1241818546875e-08,-0.219414301400776,17,-0.2203125,17,-0.2203125
630,80711,1.1259675546875e-08,-0.0887201335508821,45,-0.0890625,45,-0.0890625
631,80839,1.1277532546875e-08,-0.223147697573142,16,-0.225,16,-0.225
632,80967,1.1295389546875e-08,-0.249125959341961,10,-0.253125,10,-0.253125
633,81095,1.1313246546875e-08,-0.235943096027493,13,-0.2390625,13,-0.2390625
634,81223,1.1331103546875e-08,-0.235039770512599,13,-0.2390625,13,-0.2390625
635,81351,1.1348960546875e-08,-0.214429825121396,18,-0.215625,18,-0.215625
636,81479,1.1366817546875e-08,0.0730409927059088,79,0.0703125,79,0.0703125
637,81607,1.1384674546875e-08,-0.069512129647003,49,-0.0703125,49,-0.0703125
638,81735,1.1402531546875e-08,0.0904324850592208,83,0.0890625,83,0.0890625
639,81863,1.1420388546875e-08,0.0584559384469993,76,0.05625,76,0.05625
640,81991,1.1438245546875e-08,-0.240589580241756,12,-0.24375,12,-0.24375
641,82119,1.1456102546875e-08,-0.0697220164515619,49,-0.0703125,49,-0.0703125
642,82247,1.1473959546875e-08,-0.243497474609754,12,-0.24375,12,-0.24375
643,82375,1.1491816546875e-08,-0.241215523980924,12,-0.24375,12,-0.24375
644,82503,1.1509673546875e-08,-0.245401331684607,11,-0.2484375,11,-0.2484375
645,82631,1.1527530546875e-08,0.073353458172989,79,0.0703125,79,0.0703125
646,82759,1.1545387546875e-08,-0.0912552143604149,44,-0.09375,44,-0.09375
647,82887,1.1563244546875e-08,-0.193105353111945,22,-0.196875,22,-0.196875
648,83015,1.1581101546875e-08,0.220746880981562,111,0.2203125,111,0.2203125
649,83143,1.1598958546875e-08,0.07582895751974,80,0.075,80,0.075
650,83271,1.1616815546875e-08,0.199931582424151,106,0.196875,106,0.196875
651,83399,1.1634672546875e-08,-0.230143792526638,14,-0.234375,14,-0.234375
652,83527,1.1652529546875e-08,-0.0883379854637032,45,-0.0890625,45,-0.0890625
653,83655,1.1670386546875e-08,-0.225084986069884,15,-0.2296875,15,-0.2296875
654,83783,1.1688243546875e-08,0.0442219591566428,73,0.0421875,73,0.0421875
655,83911,1.1706100546875e-08,-0.0720186774317576,48,-0.075,48,-0.075
656,84039,1.1723957546875e-08,0.066892250464161,78,0.065625,78,0.065625
657,84167,1.1741814546875e-08,0.0823005956215655,81,0.0796875,81,0.0796875
658,84295,1.1759671546875e-08,0.0627350705093891,77,0.0609375,77,0.0609375
659,84423,1.1777528546875e-08,-0.227390296909251,15,-0.2296875,15,-0.2296875
660,84551,1.1795385546875e-08,0.0613459486352484,77,0.0609375,77,0.0609375
661,84679,1.1813242546875e-08,0.0729160424335396,79,0.0703125,79,0.0703125
662,84807,1.1831099546875e-08,-0.233120721668154,14,-0.234375,14,-0.234375
663,84935,1.1848956546875e-08,0.246611059731078,116,0.24375,116,0.24375
664,85063,1.1866813546875e-08,-0.115027108564468,39,-0.1171875,39,-0.1171875
665,85191,1.1884670546875e-08,-0.207808994973908,19,-0.2109375,19,-0.2109375
666,85319,1.1902527546875e-08,0.221321359431644,111,0.2203125,111,0.2203125
667,85447,1.1920384546875e-08,-0.243296237394085,12,-0.24375,12,-0.24375
668,85575,1.1938241546875e-08,0.0882638945217723,82,0.084375,82,0.084375
669,85703,1.1956098546875e-08,-0.240699403412912,12,-0.24375,12,-0.24375
670,85831,1.1973955546875e-08,0.0947553136723525,84,0.09375,84,0.09375
671,85959,1.1991812546875e-08,0.0504586664641659,74,0.046875,74,0.046875
672,86087,1.2009669546875e-08,-0.0818864024262178,46,-0.084375,46,-0.084375
673,86215,1.2027526546875e-08,-0.0590320089131134,51,-0.0609375,51,-0.0609375
674,86343,1.2045383546875e-08,0.214007051387304,109,0.2109375,109,0.2109375
675,86471,1.2063240546875e-08,0.0672141932957343,78,0.065625,78,0.065625
676,86599,1.2081097546875e-08,-0.252457776999619,10,-0.253125,10,-0.253125
677,86727,1.2098954546875e-08,-0.071665865893237,48,-0.075,48,-0.075
678,86855,1.2116811546875e-08,-0.237530399699261,13,-0.2390625,13,-0.2390625
679,86983,1.2134668546875e-08,-0.231771806454364,14,-0.234375,14,-0.234375
680,87111,1.2152525546875e-08,0.0760946118575635,80,0.075,80,0.075
681,87239,1.2170382546875e-08,0.22943291283394,112,0.225,112,0.225
682,87367,1.2188239546875e-08,0.22757843497618,112,0.225,112,0.225
683,87495,1.2206096546875e-08,0.101452953204669,85,0.0984375,85,0.0984375
684,87623,1.2223953546875e-08,0.239354607051077,115,0.2390625,115,0.2390625
685,87751,1.2241810546875e-08,0.194058666909633,105,0.1921875,105,0.1921875
686,87879,1.2259667546875e-08,0.231766386765908,113,0.2296875,113,0.2296875
687,88007,1.2277524546875e-08,-0.263765032872128,7,-0.2671875,7,-0.2671875
688,88135,1.2295381546875e-08,-0.0596931318213624,51,-0.0609375,51,-0.0609375
689,88263,1.2313238546875e-08,0.0870488052296927,82,0.084375,82,0.084375
690,88391,1.2331095546875e-08,0.194323517106776,105,0.1921875,105,0.1921875
691,88519,1.2348952546875e-08,-0.0670031932261684,49,-0.0703125,49,-0.0703125
692,88647,1.2366809546875e-08,-0.0857875962376184,45,-0.0890625,45,-0.0890625
693,88775,1.2384666546875e-08,-0.211270253520195,18,-0.215625,18,-0.215625
694,88903,1.2402523546875e-08,-0.090196120265531,44,-0.09375,44,-0.09375
695,89031,1.2420380546875e-08,-0.224401128951552,16,-0.225,16,-0.225
696,89159,1.2438237546875e-08,0.22703712852985,112,0.225,112,0.225
697,89287,1.2456094546875e-08,0.0871816978872556,82,0.084375,82,0.084375
698,89415,1.2473951546875e-08,0.0830042061667553,81,0.0796875,81,0.0796875
699,89543,1.2491808546875e-08,0.0962966004089311,84,0.09375,84,0.09375
700,89671,1.2509665546875e-08,0.235037867204423,114,0.234375,114,0.234375
701,89799,1.2527522546875e-08,0.0452491691809425,73,0.0421875,73,0.0421875
702,89927,1.2545379546875e-08,-0.0653511907896525,50,-0.065625,50,-0.065625
703,90055,1.2563236546875e-08,-0.251434912764455,10,-0.253125,10,-0.253125
704,90183,1.2581093546875e-08,-0.21543254068476,18,-0.215625,18,-0.215625
705,90311,1.2598950546875e-08,0.0634124064304914,77,0.0609375,77,0.0609375
706,90439,1.2616807546875e-08,0.0787875273523456,80,0.075,80,0.075
707,90567,1.2634664546875e-08,-0.0838694533629359,46,-0.084375,46,-0.084375
708,90695,1.2652521546875e-08,-0.212974506785312,18,-0.215625,18,-0.215625
709,90823,1.2670378546875e-08,-0.0920198357438863,44,-0.09375,44,-0.09375
710,90951,1.2688235546875e-08,-0.212568935351198,18,-0.215625,18,-0.215625
711,91079,1.2706092546875e-08,0.0774117039934246,80,0.075,80,0.075
712,91207,1.2723949546875e-08,0.0709853642024032,79,0.0703125,79,0.0703125
713,91335,1.2741806546875e-08,-0.0681736938029111,49,-0.0703125,49,-0.0703125
714,91463,1.2759663546875e-08,0.0919723461611923,83,0.0890625,83,0.0890625
715,91591,1.2777520546875e-08,0.0701164853414113,78,0.065625,78,0.065625
716,91719,1.2795377546875e-08,0.234839135556818,114,0.234375,114,0.234375
717,91847,1.2813234546875e-08,0.0494807173797848,74,0.046875,74,0.046875
718,91975,1.2831091546875e-08,-0.241838473230763,12,-0.24375,12,-0.24375
719,92103,1.2848948546875e-08,-0.197657926968362,21,-0.2015625,21,-0.2015625
720,92231,1.2866805546875e-08,0.207571539468982,108,0.20625,108,0.20625
721,92359,1.2884662546875e-08,0.0808097668377344,81,0.0796875,81,0.0796875
722,92487,1.2902519546875e-08,0.205342874503658,107,0.2015625,107,0.2015625
723,92615,1.2920376546875e-08,-0.207445439682117,19,-0.2109375,19,-0.2109375
724,92743,1.2938233546875e-08,0.239140440157892,115,0.2390625,115,0.2390625
725,92871,1.2956090546875e-08,-0.0929527146190135,44,-0.09375,44,-0.09375
726,92999,1.2973947546875e-08,-0.238644850653719,13,-0.2390625,13,-0.2390625
727,93127,1.2991804546875e-08,0.234160891038038,113,0.2296875,113,0.2296875
728,93255,1.3009661546875e-08,0.0796666128479673,80,0.075,80,0.075
729,93383,1.3027518546875e-08,0.234598791183815,114,0.234375,114,0.234375
730,93511,1.3045375546875e-08,0.073341156748077,79,0.0703125,79,0.0703125
731,93639,1.3063232546875e-08,-0.231825016622056,14,-0.234375,14,-0.234375
732,93767,1.3081089546875e-08,0.0845692258520994,82,0.084375,82,0.084375
733,93895,1.3098946546875e-08,-0.262054006510109,8,-0.2625,8,-0.2625
734,94023,1.3116803546875e-08,-0.0327874122826967,57,-0.0328125,57,-0.0328125
735,94151,1.3134660546875e-08,0.215916565972996,110,0.215625,110,0.215625
736,94279,1.3152517546875e-08,0.0773190828877577,80,0.075,80,0.075
737,94407,1.3170374546875e-08,0.0731557049209658,79,0.0703125,79,0.0703125
738,94535,1.3188231546875e-08,-0.238934555296172,13,-0.2390625,13,-0.2390625
739,94663,1.3206088546875e-08,-0.216626326911387,17,-0.2203125,17,-0.2203125
740,94791,1.3223945546875e-08,0.226164081790556,112,0.225,112,0.225
741,94919,1.3241802546875e-08,-0.255330980661769,9,-0.2578125,9,-0.2578125
742,95047,1.3259659546875e-08,-0.208542434055353,19,-0.2109375,19,-0.2109375
743,95175,1.3277516546875e-08,0.25533183679781,118,0.253125,118,0.253125
744,95303,1.3295373546875e-08,0.210956975597309,109,0.2109375,109,0.2109375
745,95431,1.3313230546875e-08,0.231365113455094,113,0.2296875,113,0.2296875
746,95559,1.3331087546875e-08,-0.0597044360093486,51,-0.0609375,51,-0.0609375
747,95687,1.3348944546875e-08,0.0665586221222497,78,0.065625,78,0.065625
748,95815,1.3366801546875e-08,0.0691235555893256,78,0.065625,78,0.065625
749,95943,1.3384658546875e-08,0.21695463366773,110,0.215625,110,0.215625
750,96071,1.3402515546875e-08,-0.216999005620213,17,-0.2203125,17,-0.2203125
751,96199,1.3420372546875e-08,0.228773532598796,112,0.225,112,0.225
752,96327,1.3438229546875e-08,0.236924509715939,114,0.234375,114,0.234375
753,96455,1.3456086546875e-08,0.188474797355186,104,0.1875,104,0.1875
754,96583,1.3473943546875e-08,-0.209897873259881,19,-0.2109375,19,-0.2109375
755,96711,1.3491800546875e-08,0.0931231305186626,83,0.0890625,83,0.0890625
756,96839,1.3509657546875e-08,-0.0873543353900735,45,-0.0890625,45,-0.0890625
757,96967,1.3527514546875e-08,0.228488784711835,112,0.225,112,0.225
758,97095,1.3545371546875e-08,-0.0755189170564378,47,-0.0796875,47,-0.0796875
759,97223,1.3563228546875e-08,0.07350411824574,79,0.0703125,79,0.0703125
760,97351,1.3581085546875e-08,-0.197764136061824,21,-0.2015625,21,-0.2015625
761,97479,1.3598942546875e-08,0.22694244205734,112,0.225,112,0.225
762,97607,1.3616799546875e-08,-0.243578959992358,12,-0.24375,12,-0.24375
763,97735,1.3634656546875e-08,0.246232191705244,116,0.24375,116,0.24375
764,97863,1.3652513546875e-08,-0.0831515308324951,46,-0.084375,46,-0.084375
765,97991,1.3670370546875e-08,-0.06028710423286,51,-0.0609375,51,-0.0609375
766,98119,1.3688227546875e-08,-0.080400822144102,46,-0.084375,46,-0.084375
767,98247,1.3706084546875e-08,-0.236756670255693,13,-0.2390625,13,-0.2390625
768,98375,1.3723941546875e-08,-0.068156346042748,49,-0.0703125,49,-0.0703125
769,98503,1.3741798546875e-08,-0.0900324704775411,44,-0.09375,44,-0.09375
770,98631,1.3759655546875e-08,-0.0653724209125613,50,-0.065625,50,-0.065625
771,98759,1.3777512546875e-08,-0.222972282670133,16,-0.225,16,-0.225
772,98887,1.3795369546875e-08,-0.2260660989221,15,-0.2296875,15,-0.2296875
773,99015,1.3813226546875e-08,-0.0724306396470766,48,-0.075,48,-0.075
774,99143,1.3831083546875e-08,0.0848348826479069,82,0.084375,82,0.084375
775,99271,1.3848940546875e-08,-0.236610091800234,13,-0.2390625,13,-0.2390625
776,99399,1.3866797546875e-08,-0.0485031120347963,53,-0.0515625,53,-0.0515625
777,99527,1.3884654546875e-08,-0.258409597278295,8,-0.2625,8,-0.2625
778,99655,1.3902511546875e-08,-0.0627011493100242,50,-0.065625,50,-0.065625
779,99783,1.3920368546875e-08,-0.266446762132965,7,-0.2671875,7,-0.2671875
780,99911,1.3938225546875e-08,-0.0455568222223958,54,-0.046875,54,-0.046875
781,100039,1.3956082546875e-08,-0.0898864962238023,44,-0.09375,44,-0.09375
782,100167,1.3973939546875e-08,-0.0639610592644477,50,-0.065625,50,-0.065625
783,100295,1.3991796546875e-08,0.0544213878468356,75,0.0515625,75,0.0515625
784,100423,1.4009653546875e-08,-0.0551705591241756,52,-0.05625,52,-0.05625
785,100551,1.4027510546875e-08,0.211799679765478,109,0.2109375,109,0.2109375
786,100679,1.4045367546875e-08,-0.22336613029017,16,-0.225,16,-0.225
787,100807,1.4063224546875e-08,-0.248477044542942,10,-0.253125,10,-0.253125
788,100935,1.4081081546875e-08,-0.227382468946933,15,-0.2296875,15,-0.2296875
789,101063,1.4098938546875e-08,-0.241632801756207,12,-0.24375,12,-0.24375
790,101191,1.4116795546875e-08,-0.0825980455320491,46,-0.084375,46,-0.084375
791,101319,1.4134652546875e-08,-0.215648583372065,17,-0.2203125,17,-0.2203125
792,101447,1.4152509546875e-08,0.221758012396657,111,0.2203125,111,0.2203125
793,101575,1.4170366546875e-08,-0.248718387342014,10,-0.253125,10,-0.253125
794,101703,1.4188223546875e-08,-0.0576016059493242,51,-0.0609375,51,-0.0609375
795,101831,1.4206080546875e-08,-0.0771313648628716,47,-0.0796875,47,-0.0796875
796,101959,1.4223937546875e-08,0.229225154504083,112,0.225,112,0.225
797,102087,1.4241794546875e-08,-0.259802536687025,8,-0.2625,8,-0.2625
798,102215,1.4259651546875e-08,-0.232207501734384,14,-0.234375,14,-0.234375
799,102343,1.4277508546875e-08,-0.0778875432145972,47,-0.0796875,47,-0.0796875
800,102471,1.4295365546875e-08,-0.237164190200572,13,-0.2390625,13,-0.2390625
801,102599,1.4313222546875e-08,0.0607771186013025,76,0.05625,76,0.05625
802,102727,1.4331079546875e-08,-0.217624009410984,17,-0.2203125,17,-0.2203125
803,102855,1.4348936546875e-08,0.0630704326998905,77,0.0609375,77,0.0609375
804,102983,1.4366793546875e-08,-0.0703759378149089,48,-0.075,48,-0.075
805,103111,1.4384650546875e-08,0.0607827219143888,76,0.05625,76,0.05625
806,103239,1.4402507546875e-08,-0.0855090855027698,45,-0.0890625,45,-0.0890625
807,103367,1.4420364546875e-08,0.239706634843096,115,0.2390625,115,0.2390625
808,103495,1.4438221546875e-08,-0.10337047382033,41,-0.1078125,41,-0.1078125
809,103623,1.4456078546875e-08,-0.23136478005287,14,-0.234375,14,-0.234375
810,103751,1.4473935546875e-08,0.242933521448577,115,0.2390625,115,0.2390625
811,103879,1.4491792546875e-08,-0.274034445031878,5,-0.2765625,5,-0.2765625
812,104007,1.4509649546875e-08,-0.206214529355027,20,-0.20625,20,-0.20625
813,104135,1.4527506546875e-08,-0.0921349571105377,44,-0.09375,44,-0.09375
814,104263,1.4545363546875e-08,-0.253604189651949,9,-0.2578125,9,-0.2578125
815,104391,1.4563220546875e-08,-0.211699613356487,18,-0.215625,18,-0.215625
816,104519,1.4581077546875e-08,-0.0982004544343972,43,-0.0984375,43,-0.0984375
817,104647,1.4598934546875e-08,-0.216430013880963,17,-0.2203125,17,-0.2203125
818,104775,1.4616791546875e-08,0.230195333961094,113,0.2296875,113,0.2296875
819,104903,1.4634648546875e-08,0.0653623042670196,77,0.0609375,77,0.0609375
820,105031,1.4652505546875e-08,-0.221775785012348,16,-0.225,16,-0.225
821,105159,1.4670362546875e-08,0.236694308954547,114,0.234375,114,0.234375
822,105287,1.4688219546875e-08,-0.0986641733313679,42,-0.103125,42,-0.103125
823,105415,1.4706076546875e-08,-0.236906626444878,13,-0.2390625,13,-0.2390625
824,105543,1.4723933546875e-08,-0.0737151474185152,48,-0.075,48,-0.075
825,105671,1.4741790546875e-08,-0.10540868213079,41,-0.1078125,41,-0.1078125
826,105799,1.4759647546875e-08,-0.219388861892478,17,-0.2203125,17,-0.2203125
827,105927,1.4777504546875e-08,0.0790119018806172,80,0.075,80,0.075
828,106055,1.4795361546875e-08,0.0758325796341288,80,0.075,80,0.075
829,106183,1.4813218546875e-08,0.212039211653464,109,0.2109375,109,0.2109375
830,106311,1.4831075546875e-08,-0.088141809855768,45,-0.0890625,45,-0.0890625
831,106439,1.4848932546875e-08,-0.0635481731580176,50,-0.065625,50,-0.065625
832,106567,1.4866789546875e-08,0.2142566998956,109,0.2109375,109,0.2109375
833,106695,1.4884646546875e-08,-0.252877609958853,10,-0.253125,10,-0.253125
834,106823,1.4902503546875e-08,-0.0919797471392211,44,-0.09375,44,-0.09375
835,106951,1.4920360546875e-08,-0.0685607904030867,49,-0.0703125,49,-0.0703125
836,107079,1.4938217546875e-08,0.231817732389019,113,0.2296875,113,0.2296875
837,107207,1.4956074546875e-08,0.0637660398290526,77,0.0609375,77,0.0609375
838,107335,1.4973931546875e-08,-0.0715419441274908,48,-0.075,48,-0.075
839,107463,1.4991788546875e-08,0.240459188974181,115,0.2390625,115,0.2390625
840,107591,1.5009645546875e-08,0.0430181764234698,73,0.0421875,73,0.0421875
841,107719,1.5027502546875e-08,0.091403553723795,83,0.0890625,83,0.0890625
842,107847,1.5045359546875e-08,-0.10711210346976,41,-0.1078125,41,-0.1078125
843,107975,1.5063216546875e-08,0.090945858754566,83,0.0890625,83,0.0890625
844,108103,1.5081073546875e-08,-0.0807816449336852,46,-0.084375,46,-0.084375
845,108231,1.5098930546875e-08,0.0652106184531206,77,0.0609375,77,0.0609375
846,108359,1.5116787546875e-08,0.228920204938438,112,0.225,112,0.225
847,108487,1.5134644546875e-08,0.069289749061531,78,0.065625,78,0.065625
848,108615,1.5152501546875e-08,-0.0622933609493939,50,-0.065625,50,-0.065625
849,108743,1.5170358546875e-08,0.221609721899468,111,0.2203125,111,0.2203125
850,108871,1.5188215546875e-08,-0.0788055527072549,47,-0.0796875,47,-0.0796875
851,108999,1.5206072546875e-08,0.213743463865776,109,0.2109375,109,0.2109375
852,109127,1.5223929546875e-08,-0.230237420673866,14,-0.234375,14,-0.234375
853,109255,1.5241786546875e-08,-0.228917280289754,15,-0.2296875,15,-0.2296875
854,109383,1.5259643546875e-08,-0.221448390712194,16,-0.225,16,-0.225
855,109511,1.5277500546875e-08,0.0718297670421468,79,0.0703125,79,0.0703125
856,109639,1.5295357546875e-08,-0.229396347257731,15,-0.2296875,15,-0.2296875
857,109767,1.5313214546875e-08,0.0934119760714767,83,0.0890625,83,0.0890625
858,109895,1.5331071546875e-08,-0.0905424808437115,44,-0.09375,44,-0.09375
859,110023,1.5348928546875e-08,-0.214610486955605,18,-0.215625,18,-0.215625
860,110151,1.5366785546875e-08,-0.227388002771525,15,-0.2296875,15,-0.2296875
861,110279,1.5384642546875e-08,-0.0680730855736855,49,-0.0703125,49,-0.0703125
862,110407,1.5402499546875e-08,0.214341460826175,109,0.2109375,109,0.2109375
863,110535,1.5420356546875e-08,-0.225445636737937,15,-0.2296875,15,-0.2296875
864,110663,1.5438213546875e-08,0.0696193123647577,78,0.065625,78,0.065625
865,110791,1.5456070546875e-08,-0.213869747534788,18,-0.215625,18,-0.215625
866,110919,1.5473927546875e-08,-0.251142630392605,10,-0.253125,10,-0.253125
867,111047,1.5491784546875e-08,-0.0646228888617462,50,-0.065625,50,-0.065625
868,111175,1.5509641546875e-08,0.0656706973926273,78,0.065625,78,0.065625
869,111303,1.5527498546875e-08,-0.0853364318986087,45,-0.0890625,45,-0.0890625
870,111431,1.5545355546875e-08,-0.0584753761637891,51,-0.0609375,51,-0.0609375
871,111559,1.5563212546875e-08,0.232610997182436,113,0.2296875,113,0.2296875
872,111687,1.5581069546875e-08,-0.0853905177193012,45,-0.0890625,45,-0.0890625
873,111815,1.5598926546875e-08,-0.10324875453908,41,-0.1078125,41,-0.1078125
874,111943,1.5616783546875e-08,-0.210388645184164,19,-0.2109375,19,-0.2109375
875,112071,1.5634640546875e-08,0.0521685643777071,75,0.0515625,75,0.0515625
876,112199,1.5652497546875e-08,-0.0611173154826338,50,-0.065625,50,-0.065625
877,112327,1.5670354546875e-08,0.0457189347838726,73,0.0421875,73,0.0421875
878,112455,1.5688211546875e-08,-0.216118676025239,17,-0.2203125,17,-0.2203125
879,112583,1.5706068546875e-08,0.234932852872884,114,0.234375,114,0.234375
880,112711,1.5723925546875e-08,0.0634026542611393,77,0.0609375,77,0.0609375
881,112839,1.5741782546875e-08,-0.23615476107206,13,-0.2390625,13,-0.2390625
882,112967,1.5759639546875e-08,0.0887527942501376,82,0.084375,82,0.084375
883,113095,1.5777496546875e-08,-0.083231447883584,46,-0.084375,46,-0.084375
884,113223,1.5795353546875e-08,0.223151101534245,111,0.2203125,111,0.2203125
885,113351,1.5813210546875e-08,-0.0911214201520899,44,-0.09375,44,-0.09375
886,113479,1.5831067546875e-08,-0.245622291587734,11,-0.2484375,11,-0.2484375
887,113607,1.5848924546875e-08,-0.0522895487190764,52,-0.05625,52,-0.05625
888,113735,1.5866781546875e-08,-0.1009537453683,42,-0.103125,42,-0.103125
889,113863,1.5884638546875e-08,0.0914501059164898,83,0.0890625,83,0.0890625
890,113991,1.5902495546875e-08,0.226265159412218,112,0.225,112,0.225
891,114119,1.5920352546875e-08,-0.249611365552014,10,-0.253125,10,-0.253125
892,114247,1.5938209546875e-08,-0.0602978056727521,51,-0.0609375,51,-0.0609375
893,114375,1.5956066546875e-08,-0.081846688223326,46,-0.084375,46,-0.084375
894,114503,1.5973923546875e-08,-0.233130536824377,14,-0.234375,14,-0.234375
895,114631,1.5991780546875e-08,0.214845611112765,109,0.2109375,109,0.2109375
896,114759,1.6009637546875e-08,-0.223972123547847,16,-0.225,16,-0.225
897,114887,1.6027494546875e-08,-0.077260700221723,47,-0.0796875,47,-0.0796875
898,115015,1.6045351546875e-08,0.248732326758357,117,0.2484375,117,0.2484375
899,115143,1.6063208546875e-08,0.0576073293559824,76,0.05625,76,0.05625
900,115271,1.6081065546875e-08,0.0749513379779774,79,0.0703125,79,0.0703125
901,115399,1.6098922546875e-08,0.0753153332818742,80,0.075,80,0.075
902,115527,1.6116779546875e-08,-0.0768239986374335,47,-0.0796875,47,-0.0796875
903,115655,1.6134636546875e-08,-0.100190589853441,42,-0.103125,42,-0.103125
904,115783,1.6152493546875e-08,0.07748462258943,80,0.075,80,0.075
905,115911,1.6170350546875e-08,-0.230738511339394,14,-0.234375,14,-0.234375
906,116039,1.6188207546875e-08,0.0847016325023186,82,0.084375,82,0.084375
907,116167,1.6206064546875e-08,0.245556775168523,116,0.24375,116,0.24375
908,116295,1.6223921546875e-08,0.1982477924541,106,0.196875,106,0.196875
909,116423,1.6241778546875e-08,-0.0712667501852809,48,-0.075,48,-0.075
910,116551,1.6259635546875e-08,-0.223748792806489,16,-0.225,16,-0.225
911,116679,1.6277492546875e-08,0.244494229964299,116,0.24375,116,0.24375
912,116807,1.6295349546875e-08,0.207175964296688,108,0.20625,108,0.20625
913,116935,1.6313206546875e-08,0.220985458280708,111,0.2203125,111,0.2203125
914,117063,1.6331063546875e-08,-0.0815704780422826,46,-0.084375,46,-0.084375
915,117191,1.6348920546875e-08,-0.214243498422953,18,-0.215625,18,-0.215625
916,117319,1.6366777546875e-08,0.220346899813543,111,0.2203125,111,0.2203125
917,117447,1.6384634546875e-08,-0.0987297567450616,42,-0.103125,42,-0.103125
918,117575,1.6402491546875e-08,0.0993691132115808,85,0.0984375,85,0.0984375
919,117703,1.6420348546875e-08,0.216768876288655,110,0.215625,110,0.215625
920,117831,1.6438205546875e-08,0.0967252120661691,84,0.09375,84,0.09375
921,117959,1.6456062546875e-08,0.225673271466816,112,0.225,112,0.225
922,118087,1.6473919546875e-08,-0.240063817514985,12,-0.24375,12,-0.24375
923,118215,1.6491776546875e-08,0.107478928055476,86,0.103125,86,0.103125
924,118343,1.6509633546875e-08,0.203727928753419,107,0.2015625,107,0.2015625
925,118471,1.6527490546875e-08,0.0701947940529353,78,0.065625,78,0.065625
926,118599,1.6545347546875e-08,-0.0630990373013338,50,-0.065625,50,-0.065625
927,118727,1.6563204546875e-08,-0.0932206515469113,44,-0.09375,44,-0.09375
928,118855,1.6581061546875e-08,0.0800689718650044,81,0.0796875,81,0.0796875
929,118983,1.6598918546875e-08,-0.232238386107907,14,-0.234375,14,-0.234375
930,119111,1.6616775546875e-08,-0.231312187088424,14,-0.234375,14,-0.234375
931,119239,1.6634632546875e-08,0.104168184464572,86,0.103125,86,0.103125
932,119367,1.6652489546875e-08,-0.095509708815193,43,-0.0984375,43,-0.0984375
933,119495,1.6670346546875e-08,0.244444463032592,116,0.24375,116,0.24375
934,119623,1.6688203546875e-08,-0.235297256677665,13,-0.2390625,13,-0.2390625
935,119751,1.6706060546875e-08,0.105160443440324,86,0.103125,86,0.103125
936,119879,1.6723917546875e-08,0.22760334635342,112,0.225,112,0.225
937,120007,1.6741774546875e-08,0.222412558174277,111,0.2203125,111,0.2203125
938,120135,1.6759631546875e-08,-0.0817385091567331,46,-0.084375,46,-0.084375
939,120263,1.6777488546875e-08,0.0879905277360639,82,0.084375,82,0.084375
940,120391,1.6795345546875e-08,0.057840103245467,76,0.05625,76,0.05625
941,120519,1.6813202546875e-08,-0.0842778330793213,46,-0.084375,46,-0.084375
942,120647,1.6831059546875e-08,-0.0653296181067605,50,-0.065625,50,-0.065625
943,120775,1.6848916546875e-08,-0.0817051691900178,46,-0.084375,46,-0.084375
944,120903,1.6866773546875e-08,-0.0522681895060817,52,-0.05625,52,-0.05625
945,121031,1.6884630546875e-08,0.210303231936518,108,0.20625,108,0.20625
946,121159,1.6902487546875e-08,-0.0647134755959984,50,-0.065625,50,-0.065625
947,121287,1.6920344546875e-08,0.0743493897705408,79,0.0703125,79,0.0703125
948,121415,1.6938201546875e-08,-0.0644082340524028,50,-0.065625,50,-0.065625
949,121543,1.6956058546875e-08,0.2426085715908,115,0.2390625,115,0.2390625
950,121671,1.6973915546875e-08,0.218756505681798,110,0.215625,110,0.215625
951,121799,1.6991772546875e-08,0.226494287425283,112,0.225,112,0.225
952,121927,1.7009629546875e-08,-0.239036093231759,13,-0.2390625,13,-0.2390625
953,122055,1.7027486546875e-08,-0.208199480742521,19,-0.2109375,19,-0.2109375
954,122183,1.7045343546875e-08,0.0585479659998184,76,0.05625,76,0.05625
955,122311,1.7063200546875e-08,-0.240836732501224,12,-0.24375,12,-0.24375
956,122439,1.7081057546875e-08,-0.0735702292843614,48,-0.075,48,-0.075
957,122567,1.7098914546875e-08,-0.217659017365983,17,-0.2203125,17,-0.2203125
958,122695,1.7116771546875e-08,-0.0703961525931303,48,-0.075,48,-0.075
959,122823,1.7134628546875e-08,0.0866179530520039,82,0.084375,82,0.084375
960,122951,1.7152485546875e-08,-0.226550226037027,15,-0.2296875,15,-0.2296875
961,123079,1.7170342546875e-08,0.232065917921269,113,0.2296875,113,0.2296875
962,123207,1.7188199546875e-08,0.244475660047121,116,0.24375,116,0.24375
963,123335,1.7206056546875e-08,0.0505199928589511,74,0.046875,74,0.046875
964,123463,1.7223913546875e-08,-0.20688465136534,19,-0.2109375,19,-0.2109375
965,123591,1.7241770546875e-08,0.231605957073392,113,0.2296875,113,0.2296875
966,123719,1.7259627546875e-08,-0.269002078364767,6,-0.271875,6,-0.271875
967,123847,1.7277484546875e-08,-0.217847158087648,17,-0.2203125,17,-0.2203125
968,123975,1.7295341546875e-08,0.0842167235049455,81,0.0796875,81,0.0796875
969,124103,1.7313198546875e-08,-0.0975956143828415,43,-0.0984375,43,-0.0984375
970,124231,1.7331055546875e-08,-0.0448410110569205,54,-0.046875,54,-0.046875
971,124359,1.7348912546875e-08,0.215366847698817,109,0.2109375,109,0.2109375
972,124487,1.7366769546875e-08,-0.0619177681214455,50,-0.065625,50,-0.065625
973,124615,1.7384626546875e-08,0.225254535361803,112,0.225,112,0.225
974,124743,1.7402483546875e-08,-0.0879628965104177,45,-0.0890625,45,-0.0890625
975,124871,1.7420340546875e-08,-0.216941191999805,17,-0.2203125,17,-0.2203125
976,124999,1.7438197546875e-08,0.220231719074897,110,0.215625,110,0.215625
977,125127,1.7456054546875e-08,0.0678965407048647,78,0.065625,78,0.065625
978,125255,1.7473911546875e-08,-0.0659671392461249,49,-0.0703125,49,-0.0703125
979,125383,1.7491768546875e-08,0.245528690511294,116,0.24375,116,0.24375
980,125511,1.7509625546875e-08,0.0382998623574727,72,0.0375,72,0.0375
981,125639,1.7527482546875e-08,-0.220649078919218,16,-0.225,16,-0.225
982,125767,1.7545339546875e-08,-0.225846056452997,15,-0.2296875,15,-0.2296875
983,125895,1.7563196546875e-08,-0.219347661650559,17,-0.2203125,17,-0.2203125
984,126023,1.7581053546875e-08,0.229919983978442,113,0.2296875,113,0.2296875
985,126151,1.7598910546875e-08,0.0483508016441183,74,0.046875,74,0.046875
986,126279,1.7616767546875e-08,0.110992822102236,87,0.1078125,87,0.1078125
987,126407,1.7634624546875e-08,0.0786316044572366,80,0.075,80,0.075
988,126535,1.7652481546875e-08,-0.0578614810838036,51,-0.0609375,51,-0.0609375
989,126663,1.7670338546875e-08,0.206799331790999,108,0.20625,108,0.20625
990,126791,1.7688195546875e-08,0.220732008567364,111,0.2203125,111,0.2203125
991,126919,1.7706052546875e-08,0.0743448778041669,79,0.0703125,79,0.0703125
992,127047,1.7723909546875e-08,-0.224827615593481,16,-0.225,16,-0.225
993,127175,1.7741766546875e-08,0.238588010516495,114,0.234375,114,0.234375
994,127303,1.7759623546875e-08,0.0630558563464349,77,0.0609375,77,0.0609375
995,127431,1.7777480546875e-08,-0.103046654124137,42,-0.103125,42,-0.103125
996,127559,1.7795337546875e-08,-0.189485392323868,23,-0.1921875,23,-0.1921875
997,127687,1.7813194546875e-08,0.200517289894601,106,0.196875,106,0.196875
998,127815,1.7831051546875e-08,-0.0673499670282711,49,-0.0703125,49,-0.0703125
999,127943,1.7848908546875e-08,0.0927233366227409,83,0.0890625,83,0.0890625
1000,128071,1.7866765546875e-08,-0.0788778474750012,47,-0.0796875,47,-0.0796875
1001,128199,1.7884622546875e-08,0.23465208851228,114,0.234375,114,0.234375
1002,128327,1.7902479546875e-08,-0.0926543052719215,44,-0.09375,44,-0.09375
1003,128455,1.7920336546875e-08,0.0889770561800148,82,0.084375,82,0.084375
1004,128583,1.7938193546875e-08,0.0802108831828538,81,0.0796875,81,0.0796875
1005,128711,1.7956050546875e-08,0.0806440023180913,81,0.0796875,81,0.0796875
1006,128839,1.7973907546875e-08,0.0603663314782136,76,0.05625,76,0.05625
1007,128967,1.7991764546875e-08,-0.0618252293560953,50,-0.065625,50,-0.065625
1008,129095,1.8009621546875e-08,-0.0740563609856863,48,-0.075,48,-0.075
1009,129223,1.8027478546875e-08,-0.244964279363356,11,-0.2484375,11,-0.2484375
1010,129351,1.8045335546875e-08,-0.0653946519404455,50,-0.065625,50,-0.065625
1011,129479,1.8063192546875e-08,-0.21873447031361,17,-0.2203125,17,-0.2203125
1012,129607,1.8081049546875e-08,-0.0691565329595633,49,-0.0703125,49,-0.0703125
1013,129735,1.8098906546875e-08,0.223493189914746,111,0.2203125,111,0.2203125
1014,129863,1.8116763546875e-08,-0.24528549883948,11,-0.2484375,11,-0.2484375
1015,129991,1.8134620546875e-08,-0.185135059226339,24,-0.1875,24,-0.1875
1016,130119,1.8152477546875e-08,0.238729419031394,114,0.234375,114,0.234375
1017,130247,1.8170334546875e-08,0.206074869109375,107,0.2015625,107,0.2015625
1018,130375,1.8188191546875e-08,-0.0957410663469023,43,-0.0984375,43,-0.0984375
1019,130503,1.8206048546875e-08,-0.222849687855283,16,-0.225,16,-0.225
1020,130631,1.8223905546875e-08,-0.214374971117287,18,-0.215625,18,-0.215625
1021,130759,1.8241762546875e-08,-0.247899413031495,11,-0.2484375,11,-0.2484375
1022,130887,1.8259619546875e-08,0.237606079516369,114,0.234375,114,0.234375
1023,131015,1.8277476546875e-08,-0.0810097966094496,46,-0.084375,46,-0.084375
1024,131143,1.8295333546875e-08,0.2473172890948,116,0.24375,116,0.24375
1025,131271,1.8313190546875e-08,0.240066866379441,115,0.2390625,115,0.2390625
1026,131399,1.8331047546875e-08,0.227993027228396,112,0.225,112,0.225
1027,131527,1.8348904546875e-08,0.0624516541720857,77,0.0609375,77,0.0609375
1028,131655,1.8366761546875e-08,0.222116843385076,111,0.2203125,111,0.2203125
1029,131783,1.8384618546875e-08,-0.0947588282067606,43,-0.0984375,43,-0.0984375
1030,131911,1.8402475546875e-08,-0.231546323367428,14,-0.234375,14,-0.234375
1031,132039,1.8420332546875e-08,0.237303852883909,114,0.234375,114,0.234375
1032,132167,1.8438189546875e-08,-0.118026001568694,38,-0.121875,38,-0.121875
1033,132295,1.8456046546875e-08,-0.209653665719801,19,-0.2109375,19,-0.2109375
1034,132423,1.8473903546875e-08,0.0890717130852536,83,0.0890625,83,0.0890625
1035,132551,1.8491760546875e-08,-0.242360940516025,12,-0.24375,12,-0.24375
1036,132679,1.8509617546875e-08,-0.0523138039821446,52,-0.05625,52,-0.05625
1037,132807,1.8527474546875e-08,-0.229640265491914,15,-0.2296875,15,-0.2296875
1038,132935,1.8545331546875e-08,0.241474679217528,115,0.2390625,115,0.2390625
1039,133063,1.8563188546875e-08,0.228052729028025,112,0.225,112,0.225
1040,133191,1.8581045546875e-08,0.0739635904953861,79,0.0703125,79,0.0703125
1041,133319,1.8598902546875e-08,-0.0680455276654973,49,-0.0703125,49,-0.0703125
1042,133447,1.8616759546875e-08,0.227698516814536,112,0.225,112,0.225
1043,133575,1.8634616546875e-08,0.212936648271005,109,0.2109375,109,0.2109375
1044,133703,1.8652473546875e-08,-0.236870097693617,13,-0.2390625,13,-0.2390625
1045,133831,1.8670330546875e-08,0.249593985695507,117,0.2484375,117,0.2484375
1046,133959,1.8688187546875e-08,-0.263205813957186,7,-0.2671875,7,-0.2671875
1047,134087,1.8706044546875e-08,0.10413816195391,86,0.103125,86,0.103125
1048,134215,1.8723901546875e-08,0.221884784082788,111,0.2203125,111,0.2203125
1049,134343,1.8741758546875e-08,-0.082121778908659,46,-0.084375,46,-0.084375
1050,134471,1.8759615546875e-08,0.078128640649493,80,0.075,80,0.075
1051,134599,1.8777472546875e-08,-0.0502092247153498,53,-0.0515625,53,-0.0515625
1052,134727,1.8795329546875e-08,0.068881172501008,78,0.065625,78,0.065625
1053,134855,1.8813186546875e-08,0.220349376146669,111,0.2203125,111,0.2203125
1054,134983,1.8831043546875e-08,-0.248496681985795,10,-0.253125,10,-0.253125
1055,135111,1.8848900546875e-08,-0.217265962986583,17,-0.2203125,17,-0.2203125
1056,135239,1.8866757546875e-08,-0.0586652308521236,51,-0.0609375,51,-0.0609375
1057,135367,1.8884614546875e-08,0.230866537805366,113,0.2296875,113,0.2296875
1058,135495,1.8902471546875e-08,0.204102019428475,107,0.2015625,107,0.2015625
1059,135623,1.8920328546875e-08,-0.0469355361110668,53,-0.0515625,53,-0.0515625
1060,135751,1.8938185546875e-08,-0.240403832244251,12,-0.24375,12,-0.24375
1061,135879,1.8956042546875e-08,-0.210225731691279,19,-0.2109375,19,-0.2109375
1062,136007,1.8973899546875e-08,0.06762747539023,78,0.065625,78,0.065625
1063,136135,1.8991756546875e-08,0.0801433524189812,81,0.0796875,81,0.0796875
1064,136263,1.9009613546875e-08,0.238722833529416,114,0.234375,114,0.234375
1065,136391,1.9027470546875e-08,-0.0685020748813067,49,-0.0703125,49,-0.0703125
1066,136519,1.9045327546875e-08,0.236032093323028,114,0.234375,114,0.234375
1067,136647,1.9063184546875e-08,0.0595090610311055,76,0.05625,76,0.05625
1068,136775,1.9081041546875e-08,0.0843347347928024,81,0.0796875,81,0.0796875
1069,136903,1.9098898546875e-08,0.217885659993699,110,0.215625,110,0.215625
1070,137031,1.9116755546875e-08,-0.0858739764753865,45,-0.0890625,45,-0.0890625
1071,137159,1.9134612546875e-08,0.0822880662884384,81,0.0796875,81,0.0796875
1072,137287,1.9152469546875e-08,0.0667097027250574,78,0.065625,78,0.065625
1073,137415,1.9170326546875e-08,-0.0573334656534454,51,-0.0609375,51,-0.0609375
1074,137543,1.9188183546875e-08,0.20752278068159,108,0.20625,108,0.20625
1075,137671,1.9206040546875e-08,-0.21729897352432,17,-0.2203125,17,-0.2203125
1076,137799,1.9223897546875e-08,0.245027937057922,116,0.24375,116,0.24375
1077,137927,1.9241754546875e-08,-0.0843728552323587,46,-0.084375,46,-0.084375
1078,138055,1.9259611546875e-08,-0.0666263127413691,49,-0.0703125,49,-0.0703125
1079,138183,1.9277468546875e-08,0.224404176656297,111,0.2203125,111,0.2203125
1080,138311,1.9295325546875e-08,-0.0772620644765199,47,-0.0796875,47,-0.0796875
1081,138439,1.9313182546875e-08,0.262367418552071,119,0.2578125,119,0.2578125
1082,138567,1.9331039546875e-08,0.194865458972062,105,0.1921875,105,0.1921875
1083,138695,1.9348896546875e-08,-0.0663104271914703,49,-0.0703125,49,-0.0703125
1084,138823,1.9366753546875e-08,-0.0789828243226989,47,-0.0796875,47,-0.0796875
1085,138951,1.9384610546875e-08,-0.23422385909635,14,-0.234375,14,-0.234375
1086,139079,1.9402467546875e-08,-0.0559448724980619,52,-0.05625,52,-0.05625
1087,139207,1.9420324546875e-08,0.0758926321945158,80,0.075,80,0.075
1088,139335,1.9438181546875e-08,0.072877540453435,79,0.0703125,79,0.0703125
1089,139463,1.9456038546875e-08,-0.222641937697104,16,-0.225,16,-0.225
1090,139591,1.9473895546875e-08,-0.224145461570389,16,-0.225,16,-0.225
1091,139719,1.9491752546875e-08,0.103203306751371,86,0.103125,86,0.103125
1092,139847,1.9509609546875e-08,0.0633513148947404,77,0.0609375,77,0.0609375
1093,139975,1.9527466546875e-08,0.0791661442873548,80,0.075,80,0.075
1094,140103,1.9545323546875e-08,-0.0866774216589168,45,-0.0890625,45,-0.0890625
1095,140231,1.9563180546875e-08,-0.233113884157957,14,-0.234375,14,-0.234375
1096,140359,1.9581037546875e-08,0.0980540673536909,84,0.09375,84,0.09375
1097,140487,1.9598894546875e-08,0.231777367588423,113,0.2296875,113,0.2296875
1098,140615,1.9616751546875e-08,0.0654421028258215,77,0.0609375,77,0.0609375
1099,140743,1.9634608546875e-08,0.0943193091252716,84,0.09375,84,0.09375
1100,140871,1.9652465546875e-08,0.0639558593889452,77,0.0609375,77,0.0609375
1101,140999,1.9670322546875e-08,0.0854318058904512,82,0.084375,82,0.084375
1102,141127,1.9688179546875e-08,-0.235163260847149,13,-0.2390625,13,-0.2390625
1103,141255,1.9706036546875e-08,0.235785431553129,114,0.234375,114,0.234375
1104,141383,1.9723893546875e-08,0.0808857406714008,81,0.0796875,81,0.0796875
1105,141511,1.9741750546875e-08,0.219973448972966,110,0.215625,110,0.215625
1106,141639,1.9759607546875e-08,0.219944942178383,110,0.215625,110,0.215625
1107,141767,1.9777464546875e-08,-0.221433830123362,16,-0.225,16,-0.225
1108,141895,1.9795321546875e-08,-0.078136010835121,47,-0.0796875,47,-0.0796875
1109,142023,1.9813178546875e-08,-0.246254726627616,11,-0.2484375,11,-0.2484375
1110,142151,1.9831035546875e-08,-0.225613908664458,15,-0.2296875,15,-0.2296875
1111,142279,1.9848892546875e-08,0.087998031158322,82,0.084375,82,0.084375
1112,142407,1.9866749546875e-08,-0.0845833457434538,45,-0.0890625,45,-0.0890625
1113,142535,1.9884606546875e-08,0.0983185270861194,84,0.09375,84,0.09375
1114,142663,1.9902463546875e-08,-0.224818697197777,16,-0.225,16,-0.225
1115,142791,1.9920320546875e-08,-0.0571681682778611,51,-0.0609375,51,-0.0609375
1116,142919,1.9938177546875e-08,0.234674874174684,114,0.234375,114,0.234375
1117,143047,1.9956034546875e-08,0.0635379138788726,77,0.0609375,77,0.0609375
1118,143175,1.9973891546875e-08,-0.225630038467253,15,-0.2296875,15,-0.2296875
1119,143303,1.9991748546875e-08,-0.0799633028060931,46,-0.084375,46,-0.084375
1120,143431,2.0009605546875e-08,0.0834285400888227,81,0.0796875,81,0.0796875
1121,143559,2.0027462546875e-08,-0.108045378246427,40,-0.1125,40,-0.1125
1122,143687,2.0045319546875e-08,-0.223882265178907,16,-0.225,16,-0.225
1123,143815,2.0063176546875e-08,-0.0577018937249287,51,-0.0609375,51,-0.0609375
1124,143943,2.0081033546875e-08,0.209574906770439,108,0.20625,108,0.20625
1125,144071,2.0098890546875e-08,0.251044637672222,117,0.2484375,117,0.2484375
1126,144199,2.0116747546875e-08,0.23183856383675,113,0.2296875,113,0.2296875
1127,144327,2.0134604546875e-08,0.232166432841775,113,0.2296875,113,0.2296875
1128,144455,2.0152461546875e-08,0.248807992730894,117,0.2484375,117,0.2484375
1129,144583,2.0170318546875e-08,0.0317838737580632,70,0.028125,70,0.028125
1130,144711,2.0188175546875e-08,-0.23163050222723,14,-0.234375,14,-0.234375
1131,144839,2.0206032546875e-08,0.0697852600603408,78,0.065625,78,0.065625
1132,144967,2.0223889546875e-08,-0.218513164972373,17,-0.2203125,17,-0.2203125
1133,145095,2.0241746546875e-08,0.245881836440934,116,0.24375,116,0.24375
1134,145223,2.0259603546875e-08,0.0439014464233151,73,0.0421875,73,0.0421875
1135,145351,2.0277460546875e-08,-0.237078581585543,13,-0.2390625,13,-0.2390625
1136,145479,2.0295317546875e-08,-0.20511357156559,20,-0.20625,20,-0.20625
1137,145607,2.0313174546875e-08,-0.226392265199514,15,-0.2296875,15,-0.2296875
1138,145735,2.0331031546875e-08,-0.0513860340187244,53,-0.0515625,53,-0.0515625
1139,145863,2.0348888546875e-08,0.209772083021916,108,0.20625,108,0.20625
1140,145991,2.0366745546875e-08,-0.239968440098001,12,-0.24375,12,-0.24375
1141,146119,2.0384602546875e-08,-0.201575565973615,20,-0.20625,20,-0.20625
1142,146247,2.0402459546875e-08,-0.0537692074246042,52,-0.05625,52,-0.05625
1143,146375,2.0420316546875e-08,0.0732906331470881,79,0.0703125,79,0.0703125
1144,146503,2.0438173546875e-08,0.23346560363069,113,0.2296875,113,0.2296875
1145,146631,2.0456030546875e-08,0.0514501814549354,74,0.046875,74,0.046875
1146,146759,2.0473887546875e-08,-0.222748064592005,16,-0.225,16,-0.225
1147,146887,2.0491744546875e-08,-0.0667255202889055,49,-0.0703125,49,-0.0703125
1148,147015,2.0509601546875e-08,0.213846625250184,109,0.2109375,109,0.2109375
1149,147143,2.0527458546875e-08,-0.0671917162740163,49,-0.0703125,49,-0.0703125
1150,147271,2.0545315546875e-08,0.21458856559709,109,0.2109375,109,0.2109375
1151,147399,2.0563172546875e-08,-0.0822694413999525,46,-0.084375,46,-0.084375
1152,147527,2.0581029546875e-08,0.0870101229710579,82,0.084375,82,0.084375
1153,147655,2.0598886546875e-08,0.0564721039145837,76,0.05625,76,0.05625
1154,147783,2.0616743546875e-08,-0.207938603885369,19,-0.2109375,19,-0.2109375
1155,147911,2.0634600546875e-08,0.221383003602367,111,0.2203125,111,0.2203125
1156,148039,2.0652457546875e-08,0.242498479187169,115,0.2390625,115,0.2390625
1157,148167,2.0670314546875e-08,0.20158576216444,107,0.2015625,107,0.2015625
1158,148295,2.0688171546875e-08,-0.236074546237269,13,-0.2390625,13,-0.2390625
1159,148423,2.0706028546875e-08,-0.213082028980378,18,-0.215625,18,-0.215625
1160,148551,2.0723885546875e-08,-0.253543975539209,9,-0.2578125,9,-0.2578125
1161,148679,2.0741742546875e-08,-0.0719576453944015,48,-0.075,48,-0.075
1162,148807,2.0759599546875e-08,0.250463894773078,117,0.2484375,117,0.2484375
1163,148935,2.0777456546875e-08,0.0571255065221896,76,0.05625,76,0.05625
1164,149063,2.0795313546875e-08,-0.0479648756082181,53,-0.0515625,53,-0.0515625
1165,149191,2.0813170546875e-08,0.224370114870276,111,0.2203125,111,0.2203125
1166,149319,2.0831027546875e-08,-0.221793404015435,16,-0.225,16,-0.225
1167,149447,2.0848884546875e-08,0.250558473653369,117,0.2484375,117,0.2484375
1168,149575,2.0866741546875e-08,0.198401816994096,106,0.196875,106,0.196875
1169,149703,2.0884598546875e-08,-0.249694360703136,10,-0.253125,10,-0.253125
1170,149831,2.0902455546875e-08,-0.0394982457234718,55,-0.0421875,55,-0.0421875
1171,149959,2.0920312546875e-08,0.228856461640076,112,0.225,112,0.225
1172,150087,2.0938169546875e-08,0.214188966758669,109,0.2109375,109,0.2109375
1173,150215,2.0956026546875e-08,0.0758286191143622,80,0.075,80,0.075
1174,150343,2.0973883546875e-08,-0.0882907162146676,45,-0.0890625,45,-0.0890625
1175,150471,2.0991740546875e-08,-0.0702538502729414,49,-0.0703125,49,-0.0703125
1176,150599,2.1009597546875e-08,-0.23232223716788,14,-0.234375,14,-0.234375
1177,150727,2.1027454546875e-08,0.234379358022361,114,0.234375,114,0.234375
1178,150855,2.1045311546875e-08,0.235389754024695,114,0.234375,114,0.234375
1179,150983,2.1063168546875e-08,0.0774287025761314,80,0.075,80,0.075
1180,151111,2.1081025546875e-08,0.24557523736527,116,0.24375,116,0.24375
1181,151239,2.1098882546875e-08,0.0625538549444276,77,0.0609375,77,0.0609375
1182,151367,2.1116739546875e-08,-0.0859662957415054,45,-0.0890625,45,-0.0890625
1183,151495,2.1134596546875e-08,0.0870635486059444,82,0.084375,82,0.084375
1184,151623,2.1152453546875e-08,0.223806832877903,111,0.2203125,111,0.2203125
1185,151751,2.1170310546875e-08,-0.0737432351606705,48,-0.075,48,-0.075
1186,151879,2.1188167546875e-08,0.093294698924128,83,0.0890625,83,0.0890625
1187,152007,2.1206024546875e-08,0.208781301498936,108,0.20625,108,0.20625
1188,152135,2.1223881546875e-08,-0.0618153459565509,50,-0.065625,50,-0.065625
1189,152263,2.1241738546875e-08,-0.238709481358286,13,-0.2390625,13,-0.2390625
1190,152391,2.1259595546875e-08,-0.21379723913274,18,-0.215625,18,-0.215625
1191,152519,2.1277452546875e-08,0.0759816848394215,80,0.075,80,0.075
1192,152647,2.1295309546875e-08,-0.237323977477571,13,-0.2390625,13,-0.2390625
1193,152775,2.1313166546875e-08,0.0995100027264157,85,0.0984375,85,0.0984375
1194,152903,2.1331023546875e-08,0.231916344132356,113,0.2296875,113,0.2296875
1195,153031,2.1348880546875e-08,-0.0700641874760515,49,-0.0703125,49,-0.0703125
1196,153159,2.1366737546875e-08,0.0912547125440354,83,0.0890625,83,0.0890625
1197,153287,2.1384594546875e-08,0.228543136164587,112,0.225,112,0.225
1198,153415,2.1402451546875e-08,0.222767193060457,111,0.2203125,111,0.2203125
1199,153543,2.1420308546875e-08,-0.0796727811552748,47,-0.0796875,47,-0.0796875
1200,153671,2.1438165546875e-08,0.0814420489595124,81,0.0796875,81,0.0796875
1201,153799,2.1456022546875e-08,-0.242134267151619,12,-0.24375,12,-0.24375
1202,153927,2.1473879546875e-08,-0.214993383158112,18,-0.215625,18,-0.215625
1203,154055,2.1491736546875e-08,0.240154294109989,115,0.2390625,115,0.2390625
1204,154183,2.1509593546875e-08,0.213367645335541,109,0.2109375,109,0.2109375
1205,154311,2.1527450546875e-08,-0.0783978827571083,47,-0.0796875,47,-0.0796875
1206,154439,2.1545307546875e-08,0.100426364432045,85,0.0984375,85,0.0984375
1207,154567,2.1563164546875e-08,-0.0680739935938405,49,-0.0703125,49,-0.0703125
1208,154695,2.1581021546875e-08,0.0655421139116403,77,0.0609375,77,0.0609375
1209,154823,2.1598878546875e-08,-0.0865876561458401,45,-0.0890625,45,-0.0890625
1210,154951,2.1616735546875e-08,-0.082618112246657,46,-0.084375,46,-0.084375
1211,155079,2.1634592546875e-08,0.0915605250096983,83,0.0890625,83,0.0890625
1212,155207,2.1652449546875e-08,0.23248159177457,113,0.2296875,113,0.2296875
1213,155335,2.1670306546875e-08,0.250398554118444,117,0.2484375,117,0.2484375
1214,155463,2.1688163546875e-08,0.0757597820403888,80,0.075,80,0.075
1215,155591,2.1706020546875e-08,-0.0998857399997552,42,-0.103125,42,-0.103125
1216,155719,2.1723877546875e-08,-0.228249615971669,15,-0.2296875,15,-0.2296875
1217,155847,2.1741734546875e-08,-0.237538925248082,13,-0.2390625,13,-0.2390625
1218,155975,2.1759591546875e-08,-0.210455778428081,19,-0.2109375,19,-0.2109375
1219,156103,2.1777448546875e-08,0.253774048925315,118,0.253125,118,0.253125
1220,156231,2.1795305546875e-08,0.205078149626134,107,0.2015625,107,0.2015625
1221,156359,2.1813162546875e-08,0.0869611105776349,82,0.084375,82,0.084375
1222,156487,2.1831019546875e-08,-0.0710375504611188,48,-0.075,48,-0.075
1223,156615,2.1848876546875e-08,-0.0492578977003418,53,-0.0515625,53,-0.0515625
1224,156743,2.1866733546875e-08,0.0668244294537105,78,0.065625,78,0.065625
1225,156871,2.1884590546875e-08,0.0594631461264462,76,0.05625,76,0.05625
1226,156999,2.1902447546875e-08,-0.0893546990061058,44,-0.09375,44,-0.09375
1227,157127,2.1920304546875e-08,-0.2118212008045,18,-0.215625,18,-0.215625
1228,157255,2.1938161546875e-08,0.247115116838361,116,0.24375,116,0.24375
1229,157383,2.1956018546875e-08,0.20670711430707,108,0.20625,108,0.20625
1230,157511,2.1973875546875e-08,-0.0670888209351158,49,-0.0703125,49,-0.0703125
1231,157639,2.1991732546875e-08,0.0951621403044692,84,0.09375,84,0.09375
1232,157767,2.2009589546875e-08,0.226553517569862,112,0.225,112,0.225
1233,157895,2.2027446546875e-08,0.224012089991764,111,0.2203125,111,0.2203125
1234,158023,2.2045303546875e-08,0.210157111173734,108,0.20625,108,0.20625
1235,158151,2.2063160546875e-08,0.237480985094422,114,0.234375,114,0.234375
1236,158279,2.2081017546875e-08,0.0767615756971361,80,0.075,80,0.075
1237,158407,2.2098874546875e-08,0.0873416781655863,82,0.084375,82,0.084375
1238,158535,2.2116731546875e-08,0.214480316549531,109,0.2109375,109,0.2109375
1239,158663,2.2134588546875e-08,0.0733334243165185,79,0.0703125,79,0.0703125
1240,158791,2.2152445546875e-08,-0.0650950116739751,50,-0.065625,50,-0.065625
1241,158919,2.2170302546875e-08,0.0803665407974295,81,0.0796875,81,0.0796875
1242,159047,2.2188159546875e-08,-0.0680419735824751,49,-0.0703125,49,-0.0703125
1243,159175,2.2206016546875e-08,-0.225764038040322,15,-0.2296875,15,-0.2296875
1244,159303,2.2223873546875e-08,-0.225807686828486,15,-0.2296875,15,-0.2296875
1245,159431,2.2241730546875e-08,-0.0754735630343547,47,-0.0796875,47,-0.0796875
1246,159559,2.2259587546875e-08,-0.0758675612211477,47,-0.0796875,47,-0.0796875
1247,159687,2.2277444546875e-08,-0.0473212360717981,53,-0.0515625,53,-0.0515625
1248,159815,2.2295301546875e-08,-0.219463324888215,17,-0.2203125,17,-0.2203125
1249,159943,2.2313158546875e-08,0.0735881273445759,79,0.0703125,79,0.0703125
1250,160071,2.2331015546875e-08,-0.243694595894256,12,-0.24375,12,-0.24375
1251,160199,2.2348872546875e-08,-0.202698870027783,20,-0.20625,20,-0.20625
1252,160327,2.2366729546875e-08,0.0918072523693576,83,0.0890625,83,0.0890625
1253,160455,2.2384586546875e-08,-0.0846151777642213,45,-0.0890625,45,-0.0890625
1254,160583,2.2402443546875e-08,-0.0779007831341073,47,-0.0796875,47,-0.0796875
1255,160711,2.2420300546875e-08,-0.0689798772904907,49,-0.0703125,49,-0.0703125
1256,160839,2.2438157546875e-08,-0.234595031017037,13,-0.2390625,13,-0.2390625
1257,160967,2.2456014546875e-08,-0.059997451637841,51,-0.0609375,51,-0.0609375
1258,161095,2.2473871546875e-08,0.218158934667759,110,0.215625,110,0.215625
1259,161223,2.2491728546875e-08,-0.239713137073562,12,-0.24375,12,-0.24375
1260,161351,2.2509585546875e-08,0.0912251619275325,83,0.0890625,83,0.0890625
1261,161479,2.2527442546875e-08,0.0658166635107789,78,0.065625,78,0.065625
1262,161607,2.2545299546875e-08,-0.0790540987756631,47,-0.0796875,47,-0.0796875
1263,161735,2.2563156546875e-08,0.220044231741905,110,0.215625,110,0.215625
1264,161863,2.2581013546875e-08,-0.234016921812682,14,-0.234375,14,-0.234375
1265,161991,2.2598870546875e-08,-0.0746491213455258,48,-0.075,48,-0.075
1266,162119,2.2616727546875e-08,-0.21578185159308,17,-0.2203125,17,-0.2203125
1267,162247,2.2634584546875e-08,0.216824255468117,110,0.215625,110,0.215625
1268,162375,2.2652441546875e-08,-0.0976704704890985,43,-0.0984375,43,-0.0984375
1269,162503,2.2670298546875e-08,-0.0538566028036402,52,-0.05625,52,-0.05625
1270,162631,2.2688155546875e-08,0.082904729021388,81,0.0796875,81,0.0796875
1271,162759,2.2706012546875e-08,0.234052146598141,113,0.2296875,113,0.2296875
1272,162887,2.2723869546875e-08,-0.0823859498910473,46,-0.084375,46,-0.084375
1273,163015,2.2741726546875e-08,-0.085533686192483,45,-0.0890625,45,-0.0890625
1274,163143,2.2759583546875e-08,0.0716674312364762,79,0.0703125,79,0.0703125
1275,163271,2.2777440546875e-08,-0.228950253886792,15,-0.2296875,15,-0.2296875
1276,163399,2.2795297546875e-08,0.0544410890578243,75,0.0515625,75,0.0515625
1277,163527,2.2813154546875e-08,-0.0770948600263437,47,-0.0796875,47,-0.0796875
1278,163655,2.2831011546875e-08,0.0988372528737497,85,0.0984375,85,0.0984375
1279,163783,2.2848868546875e-08,0.209680828780486,108,0.20625,108,0.20625
1280,163911,2.2866725546875e-08,0.0884372403183658,82,0.084375,82,0.084375
1281,164039,2.2884582546875e-08,0.238460296077797,114,0.234375,114,0.234375
1282,164167,2.2902439546875e-08,0.0543944799592332,75,0.0515625,75,0.0515625
1283,164295,2.2920296546875e-08,0.255164670466529,118,0.253125,118,0.253125
1284,164423,2.2938153546875e-08,-0.114166851180949,39,-0.1171875,39,-0.1171875
1285,164551,2.2956010546875e-08,-0.230014843584683,14,-0.234375,14,-0.234375
1286,164679,2.2973867546875e-08,-0.0800983358029098,46,-0.084375,46,-0.084375
1287,164807,2.2991724546875e-08,-0.232810175000929,14,-0.234375,14,-0.234375
1288,164935,2.3009581546875e-08,0.107957806596277,87,0.1078125,87,0.1078125
1289,165063,2.3027438546875e-08,-0.271684200744077,6,-0.271875,6,-0.271875
1290,165191,2.3045295546875e-08,-0.20690725923496,19,-0.2109375,19,-0.2109375
1291,165319,2.3063152546875e-08,-0.231890026522056,14,-0.234375,14,-0.234375
1292,165447,2.3081009546875e-08,-0.215416739551797,18,-0.215625,18,-0.215625
1293,165575,2.3098866546875e-08,0.241840915628883,115,0.2390625,115,0.2390625
1294,165703,2.3116723546875e-08,0.22870363869376,112,0.225,112,0.225
1295,165831,2.3134580546875e-08,-0.234352859327298,14,-0.234375,14,-0.234375
1296,165959,2.3152437546875e-08,-0.207212397826387,19,-0.2109375,19,-0.2109375
1297,166087,2.3170294546875e-08,0.217728776061328,110,0.215625,110,0.215625
1298,166215,2.3188151546875e-08,-0.248156896226782,11,-0.2484375,11,-0.2484375
1299,166343,2.3206008546875e-08,0.0830404201277331,81,0.0796875,81,0.0796875
1300,166471,2.3223865546875e-08,-0.244174062229394,11,-0.2484375,11,-0.2484375
1301,166599,2.3241722546875e-08,-0.216049879997462,17,-0.2203125,17,-0.2203125
1302,166727,2.3259579546875e-08,0.217674990261574,110,0.215625,110,0.215625
1303,166855,2.3277436546875e-08,0.23190281375814,113,0.2296875,113,0.2296875
1304,166983,2.3295293546875e-08,0.250472351736569,117,0.2484375,117,0.2484375
1305,167111,2.3313150546875e-08,0.222378657700573,111,0.2203125,111,0.2203125
1306,167239,2.3331007546875e-08,0.216808015674363,110,0.215625,110,0.215625
1307,167367,2.3348864546875e-08,-0.248553865325635,10,-0.253125,10,-0.253125
1308,167495,2.3366721546875e-08,-0.0697723743795028,49,-0.0703125,49,-0.0703125
1309,167623,2.3384578546875e-08,-0.238493240488254,13,-0.2390625,13,-0.2390625
1310,167751,2.3402435546875e-08,0.0762893806783893,80,0.075,80,0.075
1311,167879,2.3420292546875e-08,0.235698514062512,114,0.234375,114,0.234375
1312,168007,2.3438149546875e-08,0.208142173927644,108,0.20625,108,0.20625
1313,168135,2.3456006546875e-08,-0.216430051175713,17,-0.2203125,17,-0.2203125
1314,168263,2.3473863546875e-08,-0.221150500459449,16,-0.225,16,-0.225
1315,168391,2.3491720546875e-08,-0.237929720264121,13,-0.2390625,13,-0.2390625
1316,168519,2.3509577546875e-08,0.225428434184666,112,0.225,112,0.225
1317,168647,2.3527434546875e-08,0.0534466172015179,75,0.0515625,75,0.0515625
1318,168775,2.3545291546875e-08,-0.219718287145566,17,-0.2203125,17,-0.2203125
1319,168903,2.3563148546875e-08,0.254560194201928,118,0.253125,118,0.253125
1320,169031,2.3581005546875e-08,0.223999981975178,111,0.2203125,111,0.2203125
1321,169159,2.3598862546875e-08,-0.0907705948638431,44,-0.09375,44,-0.09375
1322,169287,2.3616719546875e-08,0.257108129132378,118,0.253125,118,0.253125
1323,169415,2.3634576546875e-08,0.193914908287141,105,0.1921875,105,0.1921875
1324,169543,2.3652433546875e-08,-0.213944945920366,18,-0.215625,18,-0.215625
1325,169671,2.3670290546875e-08,0.235831538742434,114,0.234375,114,0.234375
1326,169799,2.3688147546875e-08,0.0563953444017764,76,0.05625,76,0.05625
1327,169927,2.3706004546875e-08,0.230845297256049,113,0.2296875,113,0.2296875
1328,170055,2.3723861546875e-08,-0.0853559490659335,45,-0.0890625,45,-0.0890625
1329,170183,2.3741718546875e-08,0.251674680970995,117,0.2484375,117,0.2484375
1330,170311,2.3759575546875e-08,0.0495625624745015,74,0.046875,74,0.046875
1331,170439,2.3777432546875e-08,-0.230856539045713,14,-0.234375,14,-0.234375
1332,170567,2.3795289546875e-08,0.10489440662138,86,0.103125,86,0.103125
1333,170695,2.3813146546875e-08,0.212733098212313,109,0.2109375,109,0.2109375
1334,170823,2.3831003546875e-08,-0.23091255764412,14,-0.234375,14,-0.234375
1335,170951,2.3848860546875e-08,0.091075968693903,83,0.0890625,83,0.0890625
1336,171079,2.3866717546875e-08,-0.227024376330854,15,-0.2296875,15,-0.2296875
1337,171207,2.3884574546875e-08,0.238869484065305,114,0.234375,114,0.234375
1338,171335,2.3902431546875e-08,-0.238402993920413,13,-0.2390625,13,-0.2390625
1339,171463,2.3920288546875e-08,0.258493375352175,119,0.2578125,119,0.2578125
1340,171591,2.3938145546875e-08,0.213850471211903,109,0.2109375,109,0.2109375
1341,171719,2.3956002546875e-08,-0.220142274899823,17,-0.2203125,17,-0.2203125
1342,171847,2.3973859546875e-08,0.253235291180329,118,0.253125,118,0.253125
1343,171975,2.3991716546875e-08,0.0654586248952235,77,0.0609375,77,0.0609375
1344,172103,2.4009573546875e-08,-0.0982505088314014,43,-0.0984375,43,-0.0984375
1345,172231,2.4027430546875e-08,-0.212748542551068,18,-0.215625,18,-0.215625
1346,172359,2.4045287546875e-08,-0.0921528584506706,44,-0.09375,44,-0.09375
1347,172487,2.4063144546875e-08,-0.219569319838136,17,-0.2203125,17,-0.2203125
1348,172615,2.4081001546875e-08,-0.223973218760292,16,-0.225,16,-0.225
1349,172743,2.4098858546875e-08,0.24563167417539,116,0.24375,116,0.24375
1350,172871,2.4116715546875e-08,0.213920445857028,109,0.2109375,109,0.2109375
1351,172999,2.4134572546875e-08,-0.212904236564065,18,-0.215625,18,-0.215625
1352,173127,2.4152429546875e-08,0.104348480795906,86,0.103125,86,0.103125
1353,173255,2.4170286546875e-08,0.0633716324223998,77,0.0609375,77,0.0609375
1354,173383,2.4188143546875e-08,0.059190356976952,76,0.05625,76,0.05625
1355,173511,2.4206000546875e-08,-0.248064266286832,11,-0.2484375,11,-0.2484375
1356,173639,2.4223857546875e-08,-0.200024635028824,21,-0.2015625,21,-0.2015625
1357,173767,2.4241714546875e-08,-0.0763647653773567,47,-0.0796875,47,-0.0796875
1358,173895,2.4259571546875e-08,0.230907778082629,113,0.2296875,113,0.2296875
1359,174023,2.4277428546875e-08,0.225958548898572,112,0.225,112,0.225
1360,174151,2.4295285546875e-08,0.227790579711756,112,0.225,112,0.225
1361,174279,2.4313142546875e-08,-0.0754219549325167,47,-0.0796875,47,-0.0796875
1362,174407,2.4330999546875e-08,0.0889258844494926,82,0.084375,82,0.084375
1363,174535,2.4348856546875e-08,-0.261085316018433,8,-0.2625,8,-0.2625
1364,174663,2.4366713546875e-08,0.0852621700038128,82,0.084375,82,0.084375
1365,174791,2.4384570546875e-08,0.068487567731131,78,0.065625,78,0.065625
1366,174919,2.4402427546875e-08,-0.077996618948902,47,-0.0796875,47,-0.0796875
1367,175047,2.4420284546875e-08,0.234013652690737,113,0.2296875,113,0.2296875
1368,175175,2.4438141546875e-08,0.0844040307959517,82,0.084375,82,0.084375
1369,175303,2.4455998546875e-08,-0.228273391704027,15,-0.2296875,15,-0.2296875
1370,175431,2.4473855546875e-08,0.077506185146505,80,0.075,80,0.075
1371,175559,2.4491712546875e-08,-0.0815091350113501,46,-0.084375,46,-0.084375
1372,175687,2.4509569546875e-08,-0.078954188798309,47,-0.0796875,47,-0.0796875
1373,175815,2.4527426546875e-08,-0.224082668524183,16,-0.225,16,-0.225
1374,175943,2.4545283546875e-08,0.0968548431906613,84,0.09375,84,0.09375
1375,176071,2.4563140546875e-08,0.209720172640775,108,0.20625,108,0.20625
1376,176199,2.4580997546875e-08,-0.0755587271802606,47,-0.0796875,47,-0.0796875
1377,176327,2.4598854546875e-08,0.271235486090294,121,0.2671875,121,0.2671875
1378,176455,2.4616711546875e-08,0.200422703994391,106,0.196875,106,0.196875
1379,176583,2.4634568546875e-08,-0.222454047251363,16,-0.225,16,-0.225
1380,176711,2.4652425546875e-08,-0.0727844667068611,48,-0.075,48,-0.075
1381,176839,2.4670282546875e-08,0.218871700045131,110,0.215625,110,0.215625
1382,176967,2.4688139546875e-08,-0.081863218009891,46,-0.084375,46,-0.084375
1383,177095,2.4705996546875e-08,0.241303126557382,115,0.2390625,115,0.2390625
1384,177223,2.4723853546875e-08,0.22420556163696,111,0.2203125,111,0.2203125
1385,177351,2.4741710546875e-08,0.23502736555382,114,0.234375,114,0.234375
1386,177479,2.4759567546875e-08,-0.240386351385308,12,-0.24375,12,-0.24375
1387,177607,2.4777424546875e-08,0.0957568408164003,84,0.09375,84,0.09375
1388,177735,2.4795281546875e-08,0.216025520294812,110,0.215625,110,0.215625
1389,177863,2.4813138546875e-08,0.0618449124980872,77,0.0609375,77,0.0609375
1390,177991,2.4830995546875e-08,0.239610170707418,115,0.2390625,115,0.2390625
1391,178119,2.4848852546875e-08,-0.237874842449433,13,-0.2390625,13,-0.2390625
1392,178247,2.4866709546875e-08,-0.214762949816634,18,-0.215625,18,-0.215625
1393,178375,2.4884566546875e-08,0.0686316646500415,78,0.065625,78,0.065625
1394,178503,2.4902423546875e-08,-0.22398482793707,16,-0.225,16,-0.225
1395,178631,2.4920280546875e-08,0.253419248051336,118,0.253125,118,0.253125
1396,178759,2.4938137546875e-08,-0.078209227549428,47,-0.0796875,47,-0.0796875
1397,178887,2.4955994546875e-08,0.241927229752196,115,0.2390625,115,0.2390625
1398,179015,2.4973851546875e-08,-0.245752720717597,11,-0.2484375,11,-0.2484375
1399,179143,2.4991708546875e-08,-0.206254061692783,19,-0.2109375,19,-0.2109375
1400,179271,2.5009565546875e-08,0.0908632905455819,83,0.0890625,83,0.0890625
1401,179399,2.5027422546875e-08,0.209561064603259,108,0.20625,108,0.20625
1402,179527,2.5045279546875e-08,0.0779437753211836,80,0.075,80,0.075
1403,179655,2.5063136546875e-08,-0.217345200036679,17,-0.2203125,17,-0.2203125
1404,179783,2.5080993546875e-08,-0.0740837912297863,48,-0.075,48,-0.075
1405,179911,2.5098850546875e-08,-0.0873277431815581,45,-0.0890625,45,-0.0890625
1406,180039,2.5116707546875e-08,-0.241674182893201,12,-0.24375,12,-0.24375
1407,180167,2.5134564546875e-08,-0.0444417728442483,54,-0.046875,54,-0.046875
1408,180295,2.5152421546875e-08,0.216370063462425,110,0.215625,110,0.215625
1409,180423,2.5170278546875e-08,0.0841441212404713,81,0.0796875,81,0.0796875
1410,180551,2.5188135546875e-08,0.232855941206914,113,0.2296875,113,0.2296875
1411,180679,2.5205992546875e-08,-0.24125223409514,12,-0.24375,12,-0.24375
1412,180807,2.5223849546875e-08,0.26499393229009,120,0.2625,120,0.2625
1413,180935,2.5241706546875e-08,0.203600869318701,107,0.2015625,107,0.2015625
1414,181063,2.5259563546875e-08,-0.104058211412944,41,-0.1078125,41,-0.1078125
1415,181191,2.5277420546875e-08,-0.0551308277466741,52,-0.05625,52,-0.05625
1416,181319,2.5295277546875e-08,-0.241633200558117,12,-0.24375,12,-0.24375
1417,181447,2.5313134546875e-08,0.252642496566932,117,0.2484375,117,0.2484375
1418,181575,2.5330991546875e-08,0.199032707873367,106,0.196875,106,0.196875
1419,181703,2.5348848546875e-08,-0.218754917346245,17,-0.2203125,17,-0.2203125
1420,181831,2.5366705546875e-08,0.105594727843286,86,0.103125,86,0.103125
1421,181959,2.5384562546875e-08,-0.248367127179579,11,-0.2484375,11,-0.2484375
1422,182087,2.5402419546875e-08,0.248133012124964,116,0.24375,116,0.24375
1423,182215,2.5420276546875e-08,0.0453534768815591,73,0.0421875,73,0.0421875
1424,182343,2.5438133546875e-08,0.0975107663505573,84,0.09375,84,0.09375
1425,182471,2.5455990546875e-08,-0.084199435600482,46,-0.084375,46,-0.084375
1426,182599,2.5473847546875e-08,0.0947174304453042,84,0.09375,84,0.09375
1427,182727,2.5491704546875e-08,0.238030673212452,114,0.234375,114,0.234375
1428,182855,2.5509561546875e-08,0.200410828525287,106,0.196875,106,0.196875
1429,182983,2.5527418546875e-08,-0.0597352572263771,51,-0.0609375,51,-0.0609375
1430,183111,2.5545275546875e-08,-0.230470829319554,14,-0.234375,14,-0.234375
1431,183239,2.5563132546875e-08,-0.0926374244821628,44,-0.09375,44,-0.09375
1432,183367,2.5580989546875e-08,0.0790510833545998,80,0.075,80,0.075
1433,183495,2.5598846546875e-08,-0.0606888176195197,51,-0.0609375,51,-0.0609375
1434,183623,2.5616703546875e-08,0.226873451271221,112,0.225,112,0.225
1435,183751,2.5634560546875e-08,-0.235886043804657,13,-0.2390625,13,-0.2390625
1436,183879,2.5652417546875e-08,0.0943697601708824,84,0.09375,84,0.09375
1437,184007,2.5670274546875e-08,-0.0785188849381585,47,-0.0796875,47,-0.0796875
1438,184135,2.5688131546875e-08,0.0830853218155329,81,0.0796875,81,0.0796875
1439,184263,2.5705988546875e-08,0.220789594937859,111,0.2203125,111,0.2203125
1440,184391,2.5723845546875e-08,-0.224403184679673,16,-0.225,16,-0.225
1441,184519,2.5741702546875e-08,0.0783235550240777,80,0.075,80,0.075
1442,184647,2.5759559546875e-08,-0.232419154903038,14,-0.234375,14,-0.234375
1443,184775,2.5777416546875e-08,-0.0565454291813551,51,-0.0609375,51,-0.0609375
1444,184903,2.5795273546875e-08,-0.0938851768796215,43,-0.0984375,43,-0.0984375
1445,185031,2.5813130546875e-08,-0.0752963468494611,47,-0.0796875,47,-0.0796875
1446,185159,2.5830987546875e-08,-0.079595957411421,47,-0.0796875,47,-0.0796875
1447,185287,2.5848844546875e-08,-0.197581645828943,21,-0.2015625,21,-0.2015625
1448,185415,2.5866701546875e-08,0.0650328949519919,77,0.0609375,77,0.0609375
1449,185543,2.5884558546875e-08,0.0713437471988056,79,0.0703125,79,0.0703125
1450,185671,2.5902415546875e-08,-0.0678032979071796,49,-0.0703125,49,-0.0703125
1451,185799,2.5920272546875e-08,-0.223267899428487,16,-0.225,16,-0.225
1452,185927,2.5938129546875e-08,0.229983431709497,113,0.2296875,113,0.2296875
1453,186055,2.5955986546875e-08,-0.0871113581354115,45,-0.0890625,45,-0.0890625
1454,186183,2.5973843546875e-08,-0.242092890209155,12,-0.24375,12,-0.24375
1455,186311,2.5991700546875e-08,-0.223288407626038,16,-0.225,16,-0.225
1456,186439,2.6009557546875e-08,-0.0693435515626174,49,-0.0703125,49,-0.0703125
1457,186567,2.6027414546875e-08,0.230971313430207,113,0.2296875,113,0.2296875
1458,186695,2.6045271546875e-08,0.0697060895613661,78,0.065625,78,0.065625
1459,186823,2.6063128546875e-08,0.239897884190594,115,0.2390625,115,0.2390625
1460,186951,2.6080985546875e-08,0.0693881440157269,78,0.065625,78,0.065625
1461,187079,2.6098842546875e-08,0.0835173009205512,81,0.0796875,81,0.0796875
1462,187207,2.6116699546875e-08,-0.094383504624109,43,-0.0984375,43,-0.0984375
1463,187335,2.6134556546875e-08,0.228945926331074,112,0.225,112,0.225
1464,187463,2.6152413546875e-08,-0.083772720310667,46,-0.084375,46,-0.084375
1465,187591,2.6170270546875e-08,-0.0749487187599284,48,-0.075,48,-0.075
1466,187719,2.6188127546875e-08,0.232888720492768,113,0.2296875,113,0.2296875
1467,187847,2.6205984546875e-08,0.204068630837228,107,0.2015625,107,0.2015625
1468,187975,2.6223841546875e-08,-0.219968495456275,17,-0.2203125,17,-0.2203125
1469,188103,2.6241698546875e-08,-0.22808311505022,15,-0.2296875,15,-0.2296875
1470,188231,2.6259555546875e-08,-0.0583969718030577,51,-0.0609375,51,-0.0609375
1471,188359,2.6277412546875e-08,0.204221104743125,107,0.2015625,107,0.2015625
1472,188487,2.6295269546875e-08,-0.0857673155020207,45,-0.0890625,45,-0.0890625
1473,188615,2.6313126546875e-08,-0.219364779166162,17,-0.2203125,17,-0.2203125
1474,188743,2.6330983546875e-08,0.0764545379226982,80,0.075,80,0.075
1475,188871,2.6348840546875e-08,0.10631813203155,86,0.103125,86,0.103125
1476,188999,2.6366697546875e-08,0.0490294109831818,74,0.046875,74,0.046875
1477,189127,2.6384554546875e-08,0.26354234836654,120,0.2625,120,0.2625
1478,189255,2.6402411546875e-08,0.203297476156101,107,0.2015625,107,0.2015625
1479,189383,2.6420268546875e-08,-0.0737882493305585,48,-0.075,48,-0.075
1480,189511,2.6438125546875e-08,0.233416769827148,113,0.2296875,113,0.2296875
1481,189639,2.6455982546875e-08,-0.238495718923537,13,-0.2390625,13,-0.2390625
1482,189767,2.6473839546875e-08,0.246226543068789,116,0.24375,116,0.24375
1483,189895,2.6491696546875e-08,0.203074699059477,107,0.2015625,107,0.2015625
1484,190023,2.6509553546875e-08,0.0735087514951811,79,0.0703125,79,0.0703125
1485,190151,2.6527410546875e-08,-0.208433015609131,19,-0.2109375,19,-0.2109375
1486,190279,2.6545267546875e-08,-0.0860456016903424,45,-0.0890625,45,-0.0890625
1487,190407,2.6563124546875e-08,-0.0644073280529993,50,-0.065625,50,-0.065625
1488,190535,2.6580981546875e-08,0.0700539197171487,78,0.065625,78,0.065625
1489,190663,2.6598838546875e-08,-0.240654382387653,12,-0.24375,12,-0.24375
1490,190791,2.6616695546875e-08,-0.061727201552136,50,-0.065625,50,-0.065625
1491,190919,2.6634552546875e-08,-0.232226071726644,14,-0.234375,14,-0.234375
1492,191047,2.6652409546875e-08,0.260049419622626,119,0.2578125,119,0.2578125
1493,191175,2.6670266546875e-08,-0.0993516835983646,42,-0.103125,42,-0.103125
1494,191303,2.6688123546875e-08,0.249729665429458,117,0.2484375,117,0.2484375
1495,191431,2.6705980546875e-08,0.220982489517435,111,0.2203125,111,0.2203125
1496,191559,2.6723837546875e-08,-0.0750263244867005,47,-0.0796875,47,-0.0796875
1497,191687,2.6741694546875e-08,0.253015376077569,117,0.2484375,117,0.2484375
1498,191815,2.6759551546875e-08,-0.0861723557441056,45,-0.0890625,45,-0.0890625
1499,191943,2.6777408546875e-08,0.213941424360323,109,0.2109375,109,0.2109375
1500,192071,2.6795265546875e-08,-0.232043080122534,14,-0.234375,14,-0.234375
1501,192199,2.6813122546875e-08,0.0735969892960359,79,0.0703125,79,0.0703125
1502,192327,2.6830979546875e-08,-0.0632248893863155,50,-0.065625,50,-0.065625
1503,192455,2.6848836546875e-08,-0.223314980485559,16,-0.225,16,-0.225
1504,192583,2.6866693546875e-08,0.0706711012291793,79,0.0703125,79,0.0703125
1505,192711,2.6884550546875e-08,0.0707742350076063,79,0.0703125,79,0.0703125
1506,192839,2.6902407546875e-08,-0.23581892604891,13,-0.2390625,13,-0.2390625
1507,192967,2.6920264546875e-08,-0.214579313396977,18,-0.215625,18,-0.215625
1508,193095,2.6938121546875e-08,-0.225683228718485,15,-0.2296875,15,-0.2296875
1509,193223,2.6955978546875e-08,-0.0771071531332481,47,-0.0796875,47,-0.0796875
1510,193351,2.6973835546875e-08,-0.0974587401874621,43,-0.0984375,43,-0.0984375
1511,193479,2.6991692546875e-08,-0.0430993134117649,54,-0.046875,54,-0.046875
1512,193607,2.7009549546875e-08,0.0861021579453947,82,0.084375,82,0.084375
1513,193735,2.7027406546875e-08,0.236199248254945,114,0.234375,114,0.234375
1514,193863,2.7045263546875e-08,0.0760902791027485,80,0.075,80,0.075
1515,193991,2.7063120546875e-08,0.0636872812445955,77,0.0609375,77,0.0609375
1516,194119,2.7080977546875e-08,0.072834098894059,79,0.0703125,79,0.0703125
1517,194247,2.7098834546875e-08,-0.242628487143649,12,-0.24375,12,-0.24375
1518,194375,2.7116691546875e-08,-0.0866160948645873,45,-0.0890625,45,-0.0890625
1519,194503,2.7134548546875e-08,-0.0767954447491615,47,-0.0796875,47,-0.0796875
1520,194631,2.7152405546875e-08,-0.230113766867109,14,-0.234375,14,-0.234375
1521,194759,2.7170262546875e-08,0.250690997004484,117,0.2484375,117,0.2484375
1522,194887,2.7188119546875e-08,0.045870917439722,73,0.0421875,73,0.0421875
1523,195015,2.7205976546875e-08,-0.227568266026753,15,-0.2296875,15,-0.2296875
1524,195143,2.7223833546875e-08,-0.0516708532689112,52,-0.05625,52,-0.05625
1525,195271,2.7241690546875e-08,-0.238918011754374,13,-0.2390625,13,-0.2390625
1526,195399,2.7259547546875e-08,0.084058672967741,81,0.0796875,81,0.0796875
1527,195527,2.7277404546875e-08,0.215160458572365,109,0.2109375,109,0.2109375
1528,195655,2.7295261546875e-08,-0.0665993728758007,49,-0.0703125,49,-0.0703125
1529,195783,2.7313118546875e-08,-0.0814520594801213,46,-0.084375,46,-0.084375
1530,195911,2.7330975546875e-08,0.0800903145426275,81,0.0796875,81,0.0796875
1531,196039,2.7348832546875e-08,0.0568301262336812,76,0.05625,76,0.05625
1532,196167,2.7366689546875e-08,0.250116823955124,117,0.2484375,117,0.2484375
1533,196295,2.7384546546875e-08,0.20687501559485,108,0.20625,108,0.20625
1534,196423,2.7402403546875e-08,-0.223626157368755,16,-0.225,16,-0.225
1535,196551,2.7420260546875e-08,0.237278526527452,114,0.234375,114,0.234375
1536,196679,2.7438117546875e-08,0.218194599427947,110,0.215625,110,0.215625
1537,196807,2.7455974546875e-08,0.216758897336832,110,0.215625,110,0.215625
1538,196935,2.7473831546875e-08,0.100931940110544,85,0.0984375,85,0.0984375
1539,197063,2.7491688546875e-08,0.216905985287071,110,0.215625,110,0.215625
1540,197191,2.7509545546875e-08,0.222484301656695,111,0.2203125,111,0.2203125
1541,197319,2.7527402546875e-08,-0.0829594565537758,46,-0.084375,46,-0.084375
1542,197447,2.7545259546875e-08,-0.0737768910400704,48,-0.075,48,-0.075
1543,197575,2.7563116546875e-08,0.221761907344443,111,0.2203125,111,0.2203125
1544,197703,2.7580973546875e-08,-0.235712171992198,13,-0.2390625,13,-0.2390625
1545,197831,2.7598830546875e-08,0.239591572108605,115,0.2390625,115,0.2390625
1546,197959,2.7616687546875e-08,-0.232460295780189,14,-0.234375,14,-0.234375
1547,198087,2.7634544546875e-08,-0.0713839115709959,48,-0.075,48,-0.075
1548,198215,2.7652401546875e-08,-0.235993000550447,13,-0.2390625,13,-0.2390625
1549,198343,2.7670258546875e-08,-0.0459295672903777,54,-0.046875,54,-0.046875
1550,198471,2.7688115546875e-08,0.0814164811035295,81,0.0796875,81,0.0796875
1551,198599,2.7705972546875e-08,0.0853948821011944,82,0.084375,82,0.084375
1552,198727,2.7723829546875e-08,0.0798036459517432,81,0.0796875,81,0.0796875
1553,198855,2.7741686546875e-08,-0.0772205221503608,47,-0.0796875,47,-0.0796875
1554,198983,2.7759543546875e-08,-0.225153458402684,15,-0.2296875,15,-0.2296875
1555,199111,2.7777400546875e-08,-0.21449114712458,18,-0.215625,18,-0.215625
1556,199239,2.7795257546875e-08,0.0491923702869554,74,0.046875,74,0.046875
1557,199367,2.7813114546875e-08,-0.226079617091984,15,-0.2296875,15,-0.2296875
1558,199495,2.7830971546875e-08,-0.212972508555956,18,-0.215625,18,-0.215625
1559,199623,2.7848828546875e-08,0.086903051370487,82,0.084375,82,0.084375
1560,199751,2.7866685546875e-08,0.223521306907248,111,0.2203125,111,0.2203125
1561,199879,2.7884542546875e-08,-0.248451561199823,10,-0.253125,10,-0.253125
1562,200007,2.7902399546875e-08,0.274459119520314,122,0.271875,122,0.271875
1563,200135,2.7920256546875e-08,0.0520091934645127,75,0.0515625,75,0.0515625
1564,200263,2.7938113546875e-08,-0.0798790843951995,46,-0.084375,46,-0.084375
1565,200391,2.7955970546875e-08,0.0651759914309109,77,0.0609375,77,0.0609375
1566,200519,2.7973827546875e-08,-0.230885937513678,14,-0.234375,14,-0.234375
1567,200647,2.7991684546875e-08,0.0934547834873585,83,0.0890625,83,0.0890625
1568,200775,2.8009541546875e-08,0.0743669410730674,79,0.0703125,79,0.0703125
1569,200903,2.8027398546875e-08,0.209126376833596,108,0.20625,108,0.20625
1570,201031,2.8045255546875e-08,0.0945770049822232,84,0.09375,84,0.09375
1571,201159,2.8063112546875e-08,-0.249677095525266,10,-0.253125,10,-0.253125
1572,201287,2.8080969546875e-08,0.115299069089028,88,0.1125,88,0.1125
